1,"Foster, Arian",HOU,317,19.8,16,13,327,1616,4.9,16,66,604,2,0,0,393,2220,2220,18,0,2,2010
2,"Peterson, Adrian",MIN,234,15.6,15,15,283,1298,4.6,12,36,341,1,0,0,319,1639,1639,13,0,1,2010
3,"Hillis, Peyton",CLE,228,14.3,16,13,270,1177,4.4,11,61,477,2,13,0,331,1667,1654,13,0,5,2010
4,"Johnson, Chris",TEN,220,13.8,16,16,316,1364,4.3,11,44,245,1,0,0,360,1609,1609,12,0,2,2010
5,"McFadden, Darren",OAK,214,16.5,13,13,223,1157,5.2,7,47,507,3,0,0,270,1664,1664,10,0,3,2010
6,"Turner, Michael",ATL,209,13.1,16,15,334,1371,4.1,12,12,85,0,0,0,346,1456,1456,12,0,2,2010
7,"McCoy, LeSean",PHI,208,13.9,15,13,207,1080,5.2,7,78,592,2,0,0,285,1672,1672,9,0,1,2010
8,"Mendenhall, Rashard",PIT,208,13,16,16,324,1273,3.9,13,23,167,0,0,0,347,1440,1440,13,0,2,2010
9,"Charles, Jamaal",KC,204,13.6,15,6,208,1290,6.2,5,41,407,3,0,0,249,1697,1697,8,0,2,2010
10,"Forte, Matt",CHI,203,12.7,16,16,237,1069,4.5,6,51,547,3,0,0,288,1616,1616,9,1,2,2010
11,"Rice, Ray",BAL,200,12.5,16,15,307,1220,4,5,63,556,1,0,0,370,1776,1776,6,0,0,2010
12,"Bradshaw, Ahmad",NYG,191,11.9,16,11,276,1235,4.5,8,47,314,0,0,0,323,1549,1549,8,1,6,2010
13,"Jones-Drew, Maurice",JAX,190,13.6,14,14,299,1324,4.4,5,34,317,2,0,0,333,1641,1641,7,0,2,2010
14,"Jackson, Steven",STL,184,11.5,16,16,330,1241,3.8,6,46,383,0,0,0,376,1624,1624,6,0,1,2010
15,"Green-Ellis, BenJarvus",NE,176,11,16,11,229,1008,4.4,13,12,85,0,0,0,241,1093,1093,13,0,0,2010
16,"Benson, Cedric",CIN,168,10.5,16,16,321,1111,3.5,7,28,178,1,0,0,349,1289,1289,8,1,5,2010
17,"Tolbert, Michael",SD,154,10.3,15,4,182,735,4,11,25,216,0,0,0,207,951,951,11,1,3,2010
18,"Moreno, Knowshon",DEN,154,11.8,13,13,182,779,4.3,5,37,372,3,0,0,219,1151,1151,8,0,2,2010
19,"Gore, Frank",SF,151,13.7,11,11,203,853,4.2,3,46,452,2,0,0,249,1305,1305,5,0,2,2010
20,"Tomlinson, LaDainian",NYJ,148,9.9,15,12,219,914,4.2,6,52,368,0,0,0,271,1282,1282,6,0,0,2010
21,"Jackson, Fred",BUF,146,9.1,16,13,222,927,4.2,5,31,215,2,0,0,253,1142,1142,7,0,2,2010
22,"Blount, LeGarrette",TB,132,10.2,13,7,201,1007,5,6,5,14,0,0,0,206,1021,1021,6,0,3,2010
23,"Best, Jahvid",DET,129,8.6,15,10,171,555,3.2,4,58,487,2,0,0,229,1042,1042,6,0,1,2010
24,"Jones, Thomas",KC,128,8,16,9,245,896,3.7,6,14,122,0,0,0,259,1018,1018,6,0,1,2010
25,"Jones, Felix",DAL,125,7.8,16,6,185,800,4.3,1,48,450,1,0,0,233,1250,1250,2,0,1,2010
26,"Woodhead, Danny",NYJ,119,7.9,15,3,97,547,5.6,5,34,379,1,0,0,131,926,926,6,0,1,2010
27,"Jacobs, Brandon",NYG,118,7.9,15,5,138,788,5.7,7,7,59,0,0,0,145,847,847,7,0,2,2010
28,"Brown, Ronnie",MIA,116,7.3,16,16,200,734,3.7,5,33,242,0,0,0,233,976,976,5,0,2,2010
29,"Torain, Ryan",WAS,116,11.6,10,8,164,742,4.5,4,18,125,2,0,0,182,867,867,6,0,1,2010
30,"Bush, Michael",OAK,113,8.7,13,3,151,615,4.1,7,16,178,0,0,0,167,793,793,7,0,0,2010
31,"Jackson, Brandon",GB,112,7,16,13,190,703,3.7,3,43,342,1,0,0,233,1045,1045,4,0,0,2010
32,"Lynch, Marshawn",BUF,111,6.9,16,14,202,737,3.6,6,22,145,0,0,0,224,882,882,6,0,4,2010
33,"Hightower, Tim",ARI,107,6.7,16,12,153,736,4.8,5,21,136,0,0,0,174,872,872,5,0,4,2010
34,"Mathews, Ryan",SD,100,9.1,11,10,146,623,4.3,6,19,117,0,0,0,165,740,740,6,0,3,2010
35,"Stewart, Jonathan",CAR,97,6.9,14,7,178,770,4.3,2,8,103,1,0,0,186,873,873,3,0,4,2010
36,"Ivory, Chris",NO,95,7.9,12,4,137,716,5.2,5,1,17,0,0,0,138,733,733,5,0,2,2010
37,"Greene, Shonn",NYJ,90,6,15,3,185,766,4.1,2,16,120,0,0,0,201,886,886,2,0,2,2010
38,"Williams, Ricky",MIA,89,5.6,16,0,159,673,4.2,2,19,141,1,0,0,178,814,814,3,0,2,2010
39,"Goodson, Mike",CAR,88,5.5,16,3,103,452,4.4,3,40,310,0,0,0,143,762,1810,3,0,3,2010
40,"Williams, Cadillac",TB,84,5.3,16,9,125,437,3.5,2,46,355,1,0,0,171,792,792,3,0,1,2010
41,"Jennings, Rashad",JAX,81,6.2,13,3,84,459,5.5,4,26,223,0,0,0,110,682,682,4,0,0,2010
42,"Snelling, Jason",ATL,80,5.7,14,0,87,324,3.7,2,44,303,3,0,0,131,627,627,5,0,0,2010
43,"Addai, Joseph",IND,79,9.9,8,7,116,495,4.3,4,19,124,0,0,0,135,619,619,4,0,1,2010
44,"Forsett, Justin",SEA,77,4.8,16,5,118,523,4.4,2,33,252,0,0,0,151,775,800,2,0,0,2010
45,"Williams, Keiland",WAS,75,4.7,16,3,65,261,4,3,39,309,2,0,0,104,570,570,5,0,1,2010
46,"Morris, Maurice",DET,74,5.7,13,6,90,336,3.7,5,25,170,0,0,0,115,506,506,5,0,0,2010
47,"McGahee, Willis",BAL,72,4.8,15,1,100,380,3.8,5,14,55,1,0,0,114,435,435,6,0,2,2010
48,"Brown, Donald",IND,71,5.5,13,8,129,497,3.9,2,20,205,0,0,0,149,702,702,2,0,0,2010
49,"Westbrook, Brian",SF,71,4.7,15,5,77,340,4.4,4,16,150,1,0,0,93,490,490,5,0,0,2010
50,"Sproles, Darren",SD,66,4.4,15,2,46,226,4.9,0,55,484,1,0,0,101,710,2019,1,0,3,2010
51,"Kuhn, John",GB,65,4.1,16,2,84,281,3.3,4,15,97,2,0,0,99,378,386,6,0,0,2010
52,"Reece, Marcel",OAK,58,3.6,16,10,30,122,4.1,1,25,333,3,0,0,55,455,462,4,0,1,2010
53,"Barber, Marion",DAL,56,4.3,13,10,113,374,3.3,4,11,49,0,0,0,124,423,423,4,0,0,2010
54,"Ward, Derrick",HOU,54,3.6,15,0,50,315,6.3,4,7,61,0,0,0,57,376,376,4,0,0,2010
55,"Thomas, Pierre",NO,54,9,6,3,83,269,3.2,2,29,201,0,0,0,112,470,624,2,0,0,2010
56,"Buckhalter, Correll",DEN,54,3.6,15,0,59,147,2.5,2,28,240,2,0,0,87,387,387,4,0,1,2010
57,"Wells, Beanie",ARI,51,3.9,13,3,116,397,3.4,2,5,74,0,0,0,121,471,471,2,0,0,2010
58,"Taylor, Chester",CHI,50,3.1,16,1,112,267,2.4,3,20,139,0,0,0,132,406,406,3,0,0,2010
59,"James, Javarris",IND,49,4.9,10,0,46,112,2.4,6,9,63,0,0,0,55,175,191,6,0,1,2010
60,"Choice, Tashard",DAL,46,2.9,16,0,66,243,3.7,3,17,109,0,0,0,83,352,413,3,0,1,2010
61,"Gerhart, Toby",MIN,45,3,15,1,81,322,4,1,21,167,0,0,0,102,489,489,1,0,3,2010
62,"Williams, DeAngelo",CAR,44,6.3,7,6,87,361,4.1,1,11,61,0,0,0,98,422,422,1,0,1,2010
63,"Spiller, C.J.",BUF,41,2.9,14,1,74,283,3.8,0,24,157,1,0,0,98,440,1629,2,0,3,2010
64,"Bush, Reggie",NO,38,4.8,8,6,36,150,4.2,0,34,208,1,0,0,70,358,482,1,0,1,2010
65,"Portis, Clinton",WAS,37,7.4,5,5,54,227,4.2,2,5,55,0,0,0,59,282,282,2,0,0,2010
66,"Scott, Bernard",CIN,36,2.3,16,0,61,299,4.9,1,11,60,0,0,0,72,359,1616,1,0,2,2010
67,"Betts, Ladell",NO,36,4.5,8,1,45,150,3.3,2,23,141,0,0,0,68,291,314,2,0,1,2010
68,"Graham, Earnest",TB,34,2.8,12,7,20,99,5,1,16,130,1,2,1,36,231,229,3,0,1,2010
69,"Redman, Isaac",PIT,33,2.1,16,0,52,247,4.8,0,9,72,2,0,0,61,319,400,2,0,0,2010
70,"Dixon, Anthony",SF,33,2.1,16,0,70,237,3.4,2,5,11,0,0,0,75,248,248,2,0,0,2010
71,"Ringer, Javon",TEN,31,1.9,16,0,51,239,4.7,2,7,44,0,0,0,58,283,283,2,0,0,2010
72,"Harrison, Jerome",CLE,30,2.7,11,2,50,231,4.6,1,7,68,0,0,0,57,299,331,1,0,1,2010
73,"Darby, Kenneth",STL,27,1.9,14,0,34,107,3.1,2,10,61,1,0,0,44,168,168,3,0,0,2010
74,"Tamme, Jacob",IND,25,12.5,2,2,0,0,0,0,13,142,2,0,0,13,142,142,2,0,0,2010
75,"Moore, Mewelde",PIT,25,1.7,15,0,33,99,3,0,26,205,0,0,0,59,304,351,0,2,0,2010
76,"Hart, Mike",IND,24,3.4,7,1,43,185,4.3,1,6,25,0,0,0,49,210,210,1,0,0,2010
77,"Stephens-Howling, LaRod",ARI,22,1.8,12,1,22,107,4.9,1,15,109,0,0,0,37,216,1662,3,0,0,2010
78,"Jones, Julius",SEA,21,1.6,13,2,60,223,3.7,0,17,59,0,0,0,77,282,282,0,0,1,2010
79,"Leonard, Brian",CIN,21,1.9,11,0,9,61,6.8,0,20,137,1,0,0,29,198,198,1,0,0,2010
80,"Smith, Kevin",DET,20,3.3,6,0,34,133,3.9,0,11,123,0,0,0,45,256,256,0,0,0,2010
81,"Cobbs, Patrick",MIA,19,1.3,15,0,4,0,0,0,7,78,2,0,0,11,78,509,2,0,0,2010
82,"McKnight, Joe",NYJ,18,2,9,1,39,189,4.8,0,3,20,0,0,0,42,209,312,0,0,0,2010
83,"Hester, Jacob",SD,18,1.2,15,8,26,60,2.3,0,22,145,1,0,0,48,205,230,1,0,0,2010
84,"Washington, Leon",SEA,17,1.1,16,0,27,100,3.7,1,9,79,0,0,0,36,179,1889,4,0,1,2010
85,"Mughelli, Ovie",ATL,16,1,16,6,13,36,2.8,0,13,126,1,0,0,26,162,168,1,0,0,2010
86,"McCluster, Dexter",KC,16,5.3,3,3,5,30,6,0,8,97,1,0,0,13,127,258,1,0,0,2010
87,"Rhodes, Dominic",IND,15,5,3,0,37,172,4.6,0,1,4,0,0,0,38,176,428,0,0,1,2010
88,"Sellers, Mike",WAS,15,1.2,13,7,4,2,0.5,0,17,192,0,0,0,21,194,272,0,1,0,2010
89,"Schmitt, Owen",PHI,15,1,15,5,0,0,0,0,19,136,1,0,0,19,136,154,1,0,0,2010
90,"Ball, Lance",DEN,14,1.4,10,0,41,158,3.9,0,3,16,0,0,0,44,174,207,0,0,0,2010
91,"Karim, Deji",JAX,14,1.3,11,0,35,160,4.6,0,3,10,0,0,0,38,170,1418,0,0,0,2010
92,"Daniels, Owen",HOU,13,13,1,1,0,0,0,0,8,73,1,0,0,8,73,73,1,0,0,2010
93,"Taylor, Fred",NE,13,1.9,7,0,43,155,3.6,0,2,6,0,0,0,45,161,161,0,0,0,2010
94,"McClain, Le'Ron",BAL,12,0.8,15,14,26,78,3,0,21,134,0,0,0,47,212,212,0,0,0,2010
95,"Sutton, Tyrell",CAR,12,1.3,9,0,13,71,5.5,0,12,70,0,0,0,25,141,171,0,0,0,2010
96,"Nelson, David",BUF,12,12,1,1,0,0,0,0,3,61,1,0,0,3,61,61,1,0,0,2010
97,"Polite, Lousaka",MIA,11,0.7,16,12,26,62,2.4,1,12,61,0,0,0,38,123,133,1,0,0,2010
98,"Ware, Danny",NYG,11,0.8,13,0,20,73,3.7,0,7,67,0,0,0,27,140,572,0,0,0,2010
99,"Larsen, Spencer",DEN,10,0.9,11,5,3,18,6,0,5,51,1,0,0,8,69,113,1,0,0,2010
100,"Starks, James",GB,10,3.3,3,0,29,101,3.5,0,2,15,0,0,0,31,116,141,0,0,0,2010
101,"Maroney, Laurence",DEN,10,2.5,4,3,36,74,2.1,0,4,50,0,0,0,40,124,124,0,0,0,2010
102,"Conner, John",NYJ,10,0.6,16,0,8,44,5.5,1,2,9,0,0,0,10,53,88,1,0,0,2010
103,"Bell, Mike",PHI,10,0.6,16,1,47,99,2.1,0,7,67,0,0,0,54,166,226,0,0,0,2010
104,"Gronkowski, Chris",DAL,9,0.6,14,8,5,17,3.4,0,7,35,1,0,0,12,52,75,1,0,0,2010
105,"Faulk, Kevin",NE,9,4.5,2,2,8,45,5.6,0,6,62,0,0,0,14,107,107,0,0,0,2010
106,"Nance, Dimitri",GB,9,0.7,13,0,36,95,2.6,0,3,30,0,0,0,39,125,125,0,0,0,2010
107,"Davis, James",CLE,9,1.3,7,0,19,60,3.2,0,4,45,0,0,0,23,105,116,0,0,0,2010
108,"Stevens, Craig",TEN,8,8,1,1,0,0,0,0,2,29,1,0,0,2,29,29,1,0,0,2010
109,"Manumaleuna, Brandon",CHI,8,0.6,13,13,0,0,0,0,5,43,1,0,0,5,43,43,1,0,0,2010
110,"Davis, Fred",WAS,8,8,1,1,0,0,0,0,3,25,1,0,0,3,25,25,1,0,0,2010
111,"Tahi, Naufahu",MIN,8,0.5,16,7,1,1,1,0,6,39,1,0,0,7,40,40,1,0,0,2010
112,"Buckley, Eldra",PHI,7,0.5,15,0,20,67,3.4,0,1,10,0,0,0,21,77,97,0,0,1,2010
113,"Robinson, Michael",SEA,7,0.6,11,4,12,77,6.4,0,8,37,0,28,0,20,142,114,0,0,0,2010
114,"Battle, Jackie",KC,7,0.4,16,0,20,50,2.5,1,1,9,0,0,0,21,59,59,1,0,0,2010
115,"Evans, Heath",NO,7,0.5,15,8,2,2,1,0,7,41,1,0,0,9,43,88,1,0,0,2010
116,"Brown, Aaron",DET,7,1,7,0,17,58,3.4,0,8,45,0,0,0,25,103,103,0,0,0,2010
117,"Slaton, Steve",HOU,7,0.6,12,1,19,93,4.9,0,3,11,0,0,0,22,104,871,0,0,0,2010
118,"McIntyre, Corey",BUF,7,0.4,16,7,4,5,1.3,1,4,32,0,0,0,8,37,37,1,0,1,2010
119,"Vaughan, Josh",CAR,6,2,3,0,3,7,2.3,1,0,0,0,0,0,3,7,7,1,0,0,2010
120,"Leach, Vonta",HOU,6,0.4,16,5,0,0,0,0,8,91,0,0,0,8,91,131,0,0,0,2010
121,"Morris, Sammy",NE,6,0.4,16,1,20,56,2.8,0,7,77,0,0,0,27,133,199,0,0,1,2010
122,"Hall, Ahmard",TEN,6,0.4,16,5,1,1,1,0,15,100,0,0,0,16,101,122,0,0,0,2010
123,"Toston, Keith",STL,6,0.4,16,0,19,54,2.8,0,2,29,0,0,0,21,83,158,0,0,0,2010
124,"Gage, Justin",TEN,5,5,1,0,0,0,0,0,4,50,0,0,0,4,50,50,0,0,0,2010
125,"Pascoe, Bear",NYG,5,0.6,8,8,0,0,0,0,6,55,0,0,0,6,55,55,0,0,0,2010
126,"Felton, Jerome",DET,4,0.3,16,1,22,76,3.5,0,8,54,0,0,0,30,130,189,0,0,1,2010
127,"Shuler, Mickey",MIA,4,4,1,1,0,0,0,0,2,44,0,0,0,2,44,44,0,0,0,2010
128,"Grant, Ryan",GB,4,4,1,1,8,45,5.6,0,0,0,0,0,0,8,45,45,0,0,0,2010
129,"Johnson, Gartrell",ATL,3,0.3,9,0,10,36,3.6,0,3,6,0,0,0,13,42,42,0,0,0,2010
130,"Wright, Jason",ARI,3,0.2,15,1,6,28,4.7,0,8,42,0,0,0,14,70,78,0,0,1,2010
131,"Young, Albert",MIN,3,1,3,0,13,29,2.2,0,2,11,0,0,0,15,40,65,0,0,0,2010
132,"Johnson, David",PIT,3,0.5,6,6,0,0,0,0,3,37,0,0,0,3,37,37,0,0,0,2010
133,"Cox, Mike",KC,2,0.3,7,2,0,0,0,0,4,27,0,0,0,4,27,27,0,0,0,2010
134,"Castille, Tim",KC,2,0.2,10,4,5,3,0.6,0,10,43,0,0,0,15,46,46,0,0,0,2010
135,"Johnson, Quinn",GB,2,0.2,11,4,0,0,0,0,3,26,0,0,0,3,26,26,0,0,0,2010
136,"Tate, Golden",SEA,2,2,1,0,0,0,0,0,2,21,0,0,0,2,21,21,0,0,0,2010
137,"Cartwright, Rock",OAK,2,0.1,16,0,9,22,2.4,0,1,10,0,0,0,10,32,135,0,0,0,2010
138,"Maui'a, Reagan",ARI,2,0.1,15,4,0,0,0,0,2,20,0,0,0,2,20,20,0,0,0,2010
139,"Ganther, Quinton",SEA,2,0.2,11,1,9,18,2,0,2,9,0,0,0,11,27,27,0,0,0,2010
140,"Ford, Jacoby",OAK,2,2,1,1,0,0,0,0,2,27,0,0,0,2,27,100,0,0,0,2010
141,"Dwyer, Jonathan",PIT,2,2,1,0,9,28,3.1,0,0,0,0,0,0,9,28,28,0,0,0,2010
142,"Jones, Greg",JAX,2,0.1,16,13,2,4,2,0,11,47,0,0,0,13,51,51,0,0,0,2010
143,"Fiammetta, Tony",CAR,2,0.2,12,8,6,11,1.8,0,4,32,0,0,0,10,43,43,0,0,0,2010
144,"Gonzalez, Tony",ATL,1,1,1,1,0,0,0,0,2,19,0,0,0,2,19,19,0,0,0,2010
145,"Vickers, Lawrence",CLE,1,0.1,15,3,5,11,2.2,0,4,15,0,0,0,9,26,39,0,0,0,2010
146,"Clayton, Thomas",CLE,1,0.5,2,0,7,17,2.4,0,0,0,0,0,0,7,17,17,0,0,0,2010
147,"Lorig, Erik",TB,1,0.1,7,1,0,0,0,0,1,10,0,0,0,1,10,10,0,0,0,2010
148,"Peelle, Justin",ATL,1,1,1,1,0,0,0,0,2,11,0,0,0,2,11,11,0,0,0,2010
149,"Lumpkin, Kregg",TB,1,0.1,10,0,1,0,0,0,1,12,0,0,0,2,12,12,0,0,0,2010
150,"Booker, Lorenzo",MIN,1,0.3,4,0,0,0,0,0,5,32,0,0,0,5,32,461,0,0,1,2010
151,"Bolen, Brock",JAX,1,0.3,4,0,0,0,0,0,1,15,0,0,0,1,15,20,0,0,0,2010
152,"Eldridge, Brody",IND,1,0.2,6,6,0,0,0,0,3,23,0,0,0,3,23,23,0,0,0,2010
153,"Richardson, Tony",NYJ,1,0.1,16,10,5,13,2.6,0,5,31,0,0,0,10,44,44,0,0,0,2010
154,"Peerman, Cedric",CIN,1,0.1,7,0,2,1,0.5,0,1,11,0,0,0,3,12,12,0,0,0,2010
155,"Hall, Korey",GB,0,0,12,6,0,0,0,0,1,9,0,0,0,1,9,9,0,0,0,2010
156,"Smith, Antone",ATL,0,0,9,0,1,-3,-3,0,0,0,0,0,0,1,-3,-3,0,0,0,2010
157,"Miller, Lonyae",DAL,0,0,4,0,0,0,0,0,0,0,0,0,0,0,0,0,0,0,0,2010
158,"Kleinsasser, Jim",MIN,0,0,1,1,0,0,0,0,0,0,0,0,0,0,0,0,0,0,0,2010
159,"Karney, Mike",STL,0,0,12,5,6,12,2,0,5,14,0,0,0,11,26,43,0,0,0,2010
160,"Wynn, DeShawn",NO,0,0,7,0,0,0,0,0,0,0,0,0,0,0,0,0,0,0,0,2010
161,"Owens, Montell",JAX,0,0,16,0,0,0,0,0,0,0,0,0,0,0,0,22,0,0,0,2010
162,"Rosario, Dante",CAR,0,0,1,1,0,0,0,0,1,3,0,0,0,1,3,3,0,0,0,2010
163,"Carter, Tony",NE,0,0,1,0,0,0,0,0,0,0,0,0,0,0,0,0,0,0,0,2010
164,"Bell, Joique",PHI,0,0,9,0,0,0,0,0,0,0,0,0,0,0,0,0,0,0,0,2010
165,"Norris, Moran",SF,0,0,15,10,3,0,0,0,4,20,0,0,0,7,20,32,0,0,0,2010
166,"Barron, Alex",DAL,0,0,2,0,0,0,0,0,0,0,0,0,0,0,0,0,0,0,0,2010
167,"Gronkowski, Dan",DEN,0,0,1,1,0,0,0,0,1,9,0,0,0,1,9,9,0,0,0,2010
168,"Miller, Brit",STL,0,0,9,2,0,0,0,0,0,0,0,0,0,0,0,0,0,0,0,2010
169,"Gronkowski, Rob",NE,0,0,1,1,0,0,0,0,1,4,0,0,0,1,4,4,0,0,0,2010
170,"Norwood, Jerious",ATL,0,0,2,0,2,8,4,0,1,9,0,0,0,3,17,114,0,0,0,2010
171,"Cousins, Oniel",BAL,0,0,2,0,0,0,0,0,0,0,0,0,0,0,0,0,0,0,0,2010
172,"Johnson, Jerome",ARI,0,0,1,0,0,0,0,0,0,0,0,0,0,0,0,0,0,0,0,2010
173,"Williams, Bobbie",CIN,0,0,1,1,0,0,0,0,0,0,0,0,0,0,0,0,0,0,0,2010
174,"Wilson, Kris",SD,0,0,2,2,0,0,0,0,0,0,0,0,0,0,0,0,0,0,0,2010
175,"Weaver, Leonard",PHI,0,0,1,0,1,0,0,0,0,0,0,0,0,1,0,0,0,0,0,2010
176,"Brown, Andre",DEN,0,0,4,0,2,-1,-0.5,0,0,0,0,0,0,2,-1,-1,0,0,0,2010
177,"Young, Darrel",WAS,0,0,14,0,4,19,4.8,0,1,3,1,0,0,5,22,22,1,0,0,2010
178,"Anderson, Andre",BUF,0,0,2,0,0,0,0,0,0,0,0,0,0,0,0,0,0,0,0,2010
179,"Hamlin, Ken",IND,0,0,2,0,0,0,0,0,0,0,0,0,0,0,0,0,0,0,0,2010
180,"Hedgecock, Madison",NYG,0,0,4,3,0,0,0,0,2,8,0,0,0,2,8,8,0,0,0,2010
181,"Moore, Devin",IND,0,0,4,0,2,-2,-1,0,0,0,0,0,0,2,-2,255,0,0,1,2010
182,"Smith, Alphonso",ARI,0,0,1,0,0,0,0,0,0,0,0,0,0,0,0,0,0,0,0,2010
183,"Heyer, Stephon",WAS,0,0,2,0,0,0,0,0,0,0,0,0,0,0,0,0,0,0,0,2010
184,"Smith, Clifton",MIA,0,0,4,0,0,0,0,0,0,0,0,0,0,0,0,153,0,0,0,2010
185,"Jean-Gilles, Max",PHI,0,0,1,1,0,0,0,0,0,0,0,0,0,0,0,0,0,0,0,2010
186,"Anderson, Deon",DAL,0,0,1,1,0,0,0,0,0,0,0,0,0,0,0,0,0,0,0,2010
187,"Myers, Brandon",OAK,0,0,1,1,0,0,0,0,1,0,0,0,0,1,0,0,0,0,0,2010
188,"Jones, Reshad",MIA,0,0,1,0,0,0,0,0,0,0,0,0,0,0,0,0,0,0,0,2010
189,"Havner, Spencer",DET,0,0,1,0,0,0,0,0,0,0,0,0,0,0,0,0,0,0,0,2010
190,"Legursky, Doug",PIT,0,0,1,1,0,0,0,0,0,0,0,0,0,0,0,0,0,0,0,2010
191,"Murtha, Lydon",MIA,0,0,2,0,0,0,0,0,0,0,0,0,0,0,0,0,0,0,0,2010
192,"Pressley, Chris",TB,0,0,6,0,1,0,0,0,1,6,0,0,0,2,6,6,0,0,0,2010
193,"Shaffer, Kevin",CHI,0,0,1,0,0,0,0,0,0,0,0,0,0,0,0,0,0,0,0,2010
194,"Hartsock, Ben",NYJ,0,0,1,1,0,0,0,0,0,0,0,0,0,0,0,0,0,0,0,2010
195,"Henry, Chris",SEA,0,0,1,0,0,0,0,0,0,0,0,0,0,0,0,0,0,0,0,2010
196,"Foster, Renardo",STL,0,0,1,0,0,0,0,0,0,0,0,0,0,0,0,0,0,0,0,2010
197,"Huggins, Kareem",TB,0,0,3,0,4,11,2.8,0,1,7,0,0,0,5,18,18,0,0,0,2010
198,"Bell, Kahlil",CHI,0,0,1,0,0,0,0,0,0,0,0,0,0,0,0,0,0,0,0,2010
199,"Bates, Jackie",KC,0,0,1,0,0,0,0,0,0,0,0,0,0,0,0,0,0,0,0,2010
200,"Buchanon, Phillip",WAS,0,0,1,1,0,0,0,0,0,0,0,0,0,0,0,0,0,0,0,2010
201,"Smith, Alfonso",ARI,0,0,1,0,0,0,0,0,0,0,0,0,0,0,0,0,0,0,0,2010
202,"Davis, Carey",WAS,0,0,1,1,0,0,0,0,0,0,0,0,0,0,0,0,0,0,0,2010
203,"Spach, Stephen",ARI,0,0,1,1,0,0,0,0,0,0,0,0,0,0,0,0,0,0,0,2010
204,"Wolfe, Garrett",CHI,0,0,16,0,4,8,2,0,0,0,0,0,0,4,8,8,0,0,0,2010
205,"Parmele, Jalen",BAL,0,0,16,0,0,0,0,0,0,0,0,0,0,0,0,562,0,0,0,2010
206,"Skuta, Dan",CIN,0,0,1,1,0,0,0,0,0,0,0,0,0,0,0,0,0,0,0,2010
207,"Bennett, Michael",OAK,0,0,7,0,2,11,5.5,0,2,9,0,0,0,4,20,20,0,0,0,2010
208,"Jackson, Rashawn",CAR,0,0,2,1,0,0,0,0,0,0,0,0,0,0,0,0,0,0,0,2010
209,"Johnson, Larry",WAS,0,0,2,0,5,2,0.4,0,0,0,0,0,0,5,2,2,0,0,0,2010
210,"Koets, Adam",NYG,0,0,1,0,0,0,0,0,0,0,0,0,0,0,0,0,0,0,0,2010
211,"Hilliard, Lex",MIA,0,0,16,0,0,0,0,0,1,3,0,0,0,1,3,3,0,0,0,2010
212,"Carey, Don",JAX,0,0,1,1,0,0,0,0,0,0,0,0,0,0,0,0,0,0,0,2010
213,"Brinkley, Curtis",SD,0,0,3,0,2,11,5.5,0,0,0,0,0,0,2,11,40,0,0,0,2010
214,"O'Callaghan, Ryan",KC,0,0,1,0,0,0,0,0,0,0,0,0,0,0,0,0,0,0,0,2010
215,"Caulcrick, Jehuu",BUF,0,0,2,0,1,2,2,0,0,0,0,0,0,1,2,30,0,0,0,2010
216,"Biggers, E.J.",TB,0,0,1,0,0,0,0,0,0,0,0,0,0,0,0,0,0,0,0,2010
217,"Hardman, Derek",TB,0,0,2,1,0,0,0,0,0,0,0,0,0,0,0,0,0,0,0,2010
218,"Latsko, Billy",SD,0,0,1,0,0,0,0,0,0,0,0,0,0,0,0,0,0,0,0,2010
219,"Muir, Daniel",IND,0,0,1,1,0,0,0,0,0,0,0,0,0,0,0,0,0,0,0,2010
220,"Walker, Langston",OAK,0,0,1,1,0,0,0,0,0,0,0,0,0,0,0,0,0,0,0,2010
221,"Watson, Benjamin",CLE,0,0,1,1,0,0,0,0,1,8,0,0,0,1,8,8,0,0,0,2010
1,"Rice, Ray",BAL,286,17.9,16,16,291,1364,4.7,12,76,704,3,1,1,367,2069,2068,16,0,2,2011
2,"McCoy, LeSean",PHI,272,18.1,15,15,273,1309,4.8,17,48,315,3,0,0,321,1624,1624,20,0,1,2011
3,"Foster, Arian",HOU,244,18.8,13,13,278,1224,4.4,10,53,617,2,0,0,331,1841,1841,12,0,3,2011
4,"Jones-Drew, Maurice",JAX,242,16.1,15,15,325,1518,4.7,8,40,355,3,0,0,365,1873,1873,11,0,1,2011
5,"Lynch, Marshawn",SEA,207,13.8,15,15,285,1204,4.2,12,28,212,1,0,0,313,1416,1416,13,0,2,2011
6,"Turner, Michael",ATL,207,12.9,16,15,301,1340,4.5,11,17,168,0,0,0,318,1508,1508,11,0,2,2011
7,"Peterson, Adrian",MIN,181,15.1,12,12,208,970,4.7,12,18,139,1,0,0,226,1109,1109,13,0,0,2011
8,"Mathews, Ryan",SD,177,12.6,14,14,222,1091,4.9,6,50,455,0,0,0,272,1546,1546,6,0,2,2011
9,"Jackson, Steven",STL,172,11.5,15,15,260,1145,4.4,5,42,333,1,0,0,302,1478,1478,6,0,1,2011
10,"Bush, Michael",OAK,172,10.8,16,9,256,977,3.8,7,37,418,1,0,0,293,1395,1395,8,0,1,2011
11,"Sproles, Darren",NO,170,10.6,16,4,87,603,6.9,2,86,710,7,0,0,173,1313,2696,10,0,0,2011
12,"Gore, Frank",SF,166,10.4,16,15,282,1211,4.3,8,17,114,0,0,0,299,1325,1325,8,0,2,2011
13,"Jackson, Fred",BUF,166,16.6,10,10,170,934,5.5,6,39,442,0,0,0,209,1376,1376,6,0,2,2011
14,"Bush, Reggie",MIA,164,11.7,14,14,203,1036,5.1,6,41,281,1,0,0,244,1317,1369,7,0,2,2011
15,"Wells, Beanie",ARI,163,10.9,15,14,245,1047,4.3,10,10,52,0,0,0,255,1099,1099,10,0,2,2011
16,"Forte, Matt",CHI,161,13.4,12,12,203,997,4.9,3,52,490,1,0,0,255,1487,1487,4,0,2,2011
17,"Johnson, Chris",TEN,159,9.9,16,16,262,1047,4,4,57,418,0,0,0,319,1465,1465,4,0,1,2011
18,"Mendenhall, Rashard",PIT,151,10.1,15,15,228,928,4.1,9,18,154,0,0,0,246,1082,1082,9,0,1,2011
19,"McGahee, Willis",DEN,150,10,15,14,249,1199,4.8,4,12,51,1,0,0,261,1250,1250,5,1,3,2011
20,"Greene, Shonn",NYJ,148,9.3,16,15,253,1054,4.2,6,30,211,0,0,0,283,1265,1265,6,0,0,2011
21,"Bradshaw, Ahmad",NYG,148,12.3,12,9,171,659,3.9,9,34,267,2,0,0,205,926,926,11,1,1,2011
22,"Benson, Cedric",CIN,141,9.4,15,15,273,1067,3.9,6,15,82,0,0,0,288,1149,1149,6,0,2,2011
23,"Tolbert, Michael",SD,139,9.3,15,1,121,490,4,8,54,433,2,0,0,175,923,923,10,0,1,2011
24,"Green-Ellis, BenJarvus",NE,138,8.6,16,6,181,667,3.7,11,9,159,0,0,0,190,826,826,11,0,0,2011
25,"Stewart, Jonathan",CAR,133,8.3,16,3,142,761,5.4,4,47,413,1,0,0,189,1174,1174,5,0,0,2011
26,"Williams, DeAngelo",CAR,122,7.6,16,14,155,836,5.4,7,16,135,0,0,0,171,971,971,7,0,0,2011
27,"Thomas, Pierre",NO,121,7.6,16,7,110,562,5.1,5,50,425,1,0,0,160,987,1002,6,0,1,2011
28,"Tate, Ben",HOU,121,8.1,15,2,175,942,5.4,4,13,98,0,0,0,188,1040,1040,4,0,3,2011
29,"Blount, LeGarrette",TB,114,8.1,14,14,184,781,4.2,5,15,148,0,0,0,199,929,929,5,0,3,2011
30,"Murray, DeMarco",DAL,111,8.5,13,7,164,897,5.5,2,26,183,0,0,0,190,1080,1116,2,0,0,2011
31,"Jacobs, Brandon",NYG,109,7.8,14,6,152,571,3.8,7,15,128,1,0,0,167,699,699,8,1,0,2011
32,"Helu, Roy",WAS,109,7.3,15,5,151,640,4.2,2,49,379,1,0,0,200,1019,1019,3,0,2,2011
33,"Spiller, C.J.",BUF,104,8,13,8,104,559,5.4,4,30,203,2,0,0,134,762,873,6,0,0,2011
34,"McFadden, Darren",OAK,102,14.6,7,7,113,614,5.4,4,19,154,1,0,0,132,768,768,5,0,1,2011
35,"Brown, Donald",IND,96,6,16,2,134,645,4.8,5,16,86,0,0,0,150,731,731,5,0,0,2011
36,"Smith, Kevin",DET,90,12.9,7,4,72,356,4.9,4,22,179,3,0,0,94,535,535,7,0,1,2011
37,"Grant, Ryan",GB,88,5.9,15,14,134,559,4.2,2,19,268,1,0,0,153,827,827,3,0,1,2011
38,"Hillis, Peyton",CLE,84,8.4,10,9,161,587,3.6,3,22,130,0,0,0,183,717,717,3,0,1,2011
39,"Gerhart, Toby",MIN,84,5.3,16,5,109,531,4.9,1,23,190,3,0,0,132,721,721,4,0,0,2011
40,"Best, Jahvid",DET,80,13.3,6,6,84,390,4.6,2,27,287,1,0,0,111,677,677,3,0,0,2011
41,"Tomlinson, LaDainian",NYJ,78,5.6,14,1,75,280,3.7,1,42,449,2,0,0,117,729,729,3,0,0,2011
42,"Ingram, Mark",NO,77,7.7,10,4,122,474,3.9,5,11,46,0,0,0,133,520,520,5,0,1,2011
43,"Barber, Marion",CHI,76,6.9,11,1,114,422,3.7,6,5,50,0,0,0,119,472,472,6,0,1,2011
44,"Jones, Felix",DAL,75,6.3,12,8,127,575,4.5,1,33,221,0,0,0,160,796,982,1,0,2,2011
45,"Starks, James",GB,73,5.6,13,2,133,578,4.3,1,29,216,0,0,0,162,794,794,1,0,1,2011
46,"McCluster, Dexter",KC,73,5.2,14,3,97,420,4.3,1,37,313,1,0,0,134,733,1257,2,0,2,2011
47,"Battle, Jackie",KC,70,4.7,15,4,149,597,4,2,9,68,0,0,0,158,665,665,2,0,0,2011
48,"Hunter, Kendall",SF,69,4.3,16,1,112,473,4.2,2,16,195,0,0,0,128,668,824,2,0,0,2011
49,"Thomas, Daniel",MIA,64,4.9,13,2,165,581,3.5,0,12,72,1,0,0,177,653,653,1,0,1,2011
50,"Redman, Isaac",PIT,63,3.9,16,1,110,479,4.4,3,18,78,0,0,0,128,557,575,3,0,2,2011
51,"Morris, Maurice",DET,56,3.5,16,5,80,316,4,1,26,230,1,0,0,106,546,561,2,0,0,2011
52,"Ball, Lance",DEN,56,3.5,16,0,96,402,4.2,1,16,148,1,0,0,112,550,559,2,0,2,2011
53,"Williams, Ricky",BAL,54,3.4,16,0,108,444,4.1,2,13,83,0,0,0,121,527,527,2,0,2,2011
54,"Scott, Bernard",CIN,52,3.3,16,1,112,380,3.4,3,13,38,0,0,0,125,418,444,3,0,0,2011
55,"Woodhead, Danny",NE,50,3.3,15,4,77,351,4.6,1,18,157,0,0,0,95,508,945,1,2,0,2011
56,"Bell, Kahlil",CHI,49,3.8,13,3,79,337,4.3,0,19,133,1,0,0,98,470,515,1,0,1,2011
57,"Ogbonnaya, Chris",HOU,48,3.7,13,4,76,340,4.5,1,23,165,0,0,0,99,505,505,1,0,1,2011
58,"Hightower, Tim",WAS,48,9.6,5,5,84,321,3.8,1,10,78,1,0,0,94,399,399,2,0,0,2011
59,"Reece, Marcel",OAK,47,3.9,12,6,17,112,6.6,0,27,301,2,0,0,44,413,413,2,0,1,2011
60,"Addai, Joseph",IND,47,3.9,12,11,118,433,3.7,1,15,93,0,0,0,133,526,526,1,0,0,2011
61,"Ridley, Stevan",NE,45,3.2,14,2,87,441,5.1,1,3,13,0,0,0,90,454,606,1,0,0,2011
62,"Carter, Delone",IND,44,2.8,16,3,101,377,3.7,2,5,18,0,0,0,106,395,395,2,0,3,2011
63,"Williams, Cadillac",STL,44,3.7,12,1,87,361,4.1,1,14,93,0,0,0,101,454,454,1,0,1,2011
64,"Stephens-Howling, LaRod",ARI,43,3.1,14,1,43,167,3.9,0,13,234,2,0,0,56,401,1258,2,0,0,2011
65,"Kuhn, John",GB,43,2.7,16,4,30,78,2.6,4,15,77,2,0,0,45,155,155,6,0,0,2011
66,"Jones, Thomas",KC,43,2.7,16,8,153,478,3.1,0,5,43,0,0,0,158,521,521,0,0,0,2011
67,"Ivory, Chris",NO,40,6.7,6,2,79,374,4.7,1,0,0,0,0,0,79,374,374,1,0,0,2011
68,"Rodgers, Jacquizz",ATL,39,2.4,16,0,57,205,3.6,1,21,188,1,0,0,78,393,393,2,0,1,2011
69,"Ringer, Javon",TEN,38,3.2,12,0,59,185,3.1,1,28,187,0,0,0,87,372,372,1,0,1,2011
70,"Clay, Charles",MIA,37,2.8,13,8,0,0,0,0,15,217,3,0,0,15,217,217,3,0,0,2011
71,"Royster, Evan",WAS,37,6.2,6,2,56,328,5.9,0,9,68,0,0,0,65,396,396,0,0,0,2011
72,"Graham, Earnest",TB,32,4.6,7,2,37,206,5.6,0,26,163,0,0,0,63,369,369,0,0,0,2011
73,"Hardesty, Montario",CLE,31,3.1,10,4,88,266,3,0,14,122,0,0,0,102,388,388,0,0,0,2011
74,"Williams, Keiland",DET,31,2.1,15,0,58,195,3.4,2,8,62,0,0,0,66,257,257,2,0,1,2011
75,"Casey, James",HOU,30,2.1,14,7,1,11,11,0,18,260,1,0,0,19,271,271,1,0,0,2011
76,"Snelling, Jason",ATL,30,2,15,0,44,151,3.4,0,26,179,1,0,0,70,330,330,1,0,0,2011
77,"Lumpkin, Kregg",TB,30,1.9,16,0,31,105,3.4,0,41,291,0,0,0,72,396,396,0,0,0,2011
78,"Moreno, Knowshon",DEN,29,3.6,8,2,37,179,4.8,0,11,101,1,0,0,48,280,280,1,0,1,2011
79,"Collins, Jed",NO,27,1.7,16,11,4,4,1,2,11,50,2,0,0,15,54,61,4,0,0,2011
80,"Ware, Danny",NYG,26,1.7,15,1,43,141,3.3,0,27,170,0,0,0,70,311,328,0,2,0,2011
81,"Ward, Derrick",HOU,25,2.1,12,1,45,154,3.4,2,0,0,0,0,0,45,154,154,2,0,0,2011
82,"Washington, Leon",SEA,25,1.6,16,1,53,248,4.7,1,10,48,0,0,0,63,296,1834,1,0,0,2011
83,"Forsett, Justin",SEA,25,1.6,16,0,46,145,3.2,1,23,128,0,0,0,69,273,284,1,0,0,2011
84,"Choice, Tashard",DAL,25,1.9,13,1,57,152,2.7,1,19,124,0,0,0,76,276,276,1,0,2,2011
85,"Moore, Mewelde",PIT,24,2,12,0,22,157,7.1,0,11,104,1,0,0,33,261,271,1,0,2,2011
86,"Torain, Ryan",WAS,24,2.7,9,4,59,200,3.4,1,6,23,0,0,0,65,223,223,1,0,0,2011
87,"McKnight, Joe",NYJ,22,1.5,15,0,43,134,3.1,0,13,139,0,0,0,56,273,1372,1,0,2,2011
88,"McClain, Le'Ron",KC,20,1.3,16,10,15,51,3.4,1,14,82,1,0,0,29,133,133,2,0,0,2011
89,"Brinkley, Curtis",SD,20,2,10,1,30,101,3.4,1,7,41,0,0,0,37,142,176,1,1,0,2011
90,"Leonard, Brian",CIN,20,1.7,12,0,15,82,5.5,0,22,210,0,0,0,37,292,292,0,0,0,2011
91,"Young, Darrel",WAS,19,1.5,13,8,6,33,5.5,1,15,146,0,0,0,21,179,179,1,0,0,2011
92,"Dixon, Anthony",SF,19,1.2,16,0,29,87,3,2,1,6,0,0,0,30,93,93,2,0,0,2011
93,"Karim, Deji",JAX,17,1.4,12,0,63,130,2.1,0,14,120,0,0,0,77,250,902,0,0,0,2011
94,"Smith, Alfonso",ARI,16,1.1,15,0,30,102,3.4,1,3,21,0,0,0,33,123,123,1,0,0,2011
95,"Hernandez, Aaron",NE,16,16,1,1,0,0,0,0,7,103,1,0,0,7,103,103,1,0,0,2011
96,"Taylor, Chester",ARI,16,1.3,12,1,20,77,3.9,1,14,91,0,0,0,34,168,168,1,0,0,2011
97,"Smith, Alphonso",ARI,16,1.1,15,0,30,102,3.4,1,3,21,0,0,0,33,123,123,1,0,0,2011
98,"Brown, Ronnie",PHI,14,0.9,16,2,42,136,3.2,1,0,0,0,0,0,42,136,164,1,0,1,2011
99,"Mughelli, Ovie",ATL,14,2,7,5,2,1,0.5,0,4,25,2,0,0,6,26,26,2,0,0,2011
100,"Lewis, Dion",PHI,14,1.1,13,0,22,99,4.5,1,1,-3,0,0,0,23,96,627,1,0,1,2011
101,"Tanner, Phillip",DAL,13,1.4,9,0,22,76,3.5,1,2,19,0,0,0,24,95,95,1,0,0,2011
102,"Charles, Jamaal",KC,13,6.5,2,1,12,83,6.9,0,5,9,1,0,0,17,92,92,1,0,1,2011
103,"Hester, Jacob",SD,12,0.8,15,2,28,90,3.2,0,9,35,1,0,0,37,125,172,1,0,0,2011
104,"Slaton, Steve",HOU,12,2,6,0,24,84,3.5,1,3,3,0,0,0,27,87,172,1,0,0,2011
105,"Miller, Bruce",SF,12,0.8,15,8,4,8,2,0,11,83,1,0,0,15,91,91,1,0,0,2011
106,"Collie, Austin",IND,12,2.4,5,5,0,0,0,0,20,145,0,0,0,20,145,145,0,0,0,2011
107,"Hilliard, Lex",MIA,11,0.7,16,4,16,41,2.6,1,5,49,0,0,0,21,90,104,1,0,0,2011
108,"Naanee, Legedu",CAR,11,5.5,2,2,0,0,0,0,13,124,0,0,0,13,124,124,0,0,0,2011
109,"Robinson, Michael",SEA,11,0.8,13,3,4,7,1.8,0,9,74,1,0,0,13,81,81,1,0,1,2011
110,"Clay, John",PIT,10,5,2,0,10,41,4.1,1,0,0,0,0,0,10,41,41,1,0,0,2011
111,"Johnson, Jeremiah",DEN,10,1.3,8,0,14,77,5.5,0,7,62,0,0,0,21,139,139,0,0,0,2011
112,"Harper, Jamie",TEN,10,0.7,14,0,17,44,2.6,1,4,32,0,0,0,21,76,76,1,0,1,2011
113,"Vereen, Shane",NE,10,2,5,0,15,57,3.8,1,0,0,0,0,0,15,57,57,1,0,0,2011
114,"Johnson, David",PIT,10,0.6,16,16,0,0,0,0,12,91,1,0,0,12,91,91,1,0,0,2011
115,"Dwyer, Jonathan",PIT,10,1.4,7,0,16,123,7.7,0,1,6,0,0,0,17,129,129,0,0,0,2011
116,"Morris, Sammy",DAL,9,3,3,0,28,98,3.5,0,5,13,0,0,0,33,111,111,0,0,0,2011
117,"Booker, Lorenzo",MIN,9,0.6,15,0,13,52,4,0,8,82,0,0,0,21,134,584,0,0,2,2011
118,"Madu, Mossis",TB,9,1,9,0,15,55,3.7,0,10,72,0,0,0,25,127,127,0,0,0,2011
119,"Saine, Brandon",GB,8,1,8,0,18,69,3.8,0,10,69,0,0,0,28,138,178,0,0,0,2011
120,"Bess, Davone",MIA,8,8,1,1,0,0,0,0,4,27,1,0,0,4,27,55,1,0,0,2011
121,"Jones, Taiwan",OAK,7,0.7,10,0,16,73,4.6,0,2,25,0,0,0,18,98,263,0,0,0,2011
122,"Avant, Jason",PHI,7,3.5,2,2,0,0,0,0,5,75,0,0,0,5,75,75,0,0,0,2011
123,"Faulk, Kevin",NE,7,1,7,3,17,57,3.4,0,7,34,0,0,0,24,91,102,0,0,0,2011
124,"Conner, John",NYJ,7,0.4,16,8,13,44,3.4,1,2,9,0,0,0,15,53,82,1,0,0,2011
125,"Jones, Greg",JAX,7,0.4,16,9,2,7,3.5,1,4,19,0,0,0,6,26,26,1,0,0,2011
126,"Pascoe, Bear",NYG,7,1,7,7,0,0,0,0,8,95,0,0,0,8,95,95,0,0,0,2011
127,"Baker, Josh",NYJ,7,0.6,11,0,0,0,0,0,3,27,1,0,0,3,27,87,1,0,0,2011
128,"Hynoski, Henry",NYG,6,0.5,12,4,0,0,0,0,12,83,0,0,0,12,83,98,0,0,0,2011
129,"Brockel, Richie",CAR,6,3,2,2,1,7,7,1,1,4,0,0,0,2,11,11,1,0,0,2011
130,"Leach, Vonta",BAL,6,0.4,16,16,12,35,2.9,0,15,69,0,0,0,27,104,133,0,0,0,2011
131,"Larsen, Spencer",DEN,6,0.4,16,6,14,44,3.1,0,9,76,0,0,0,23,120,120,0,0,0,2011
132,"Hall, Ahmard",TEN,4,0.4,11,7,4,17,4.3,0,8,42,0,0,0,12,59,59,0,0,0,2011
133,"Rosario, Dante",DEN,4,4,1,1,0,0,0,0,2,46,0,0,0,2,46,46,0,0,0,2011
134,"Lorig, Erik",TB,4,0.3,16,7,0,0,0,0,6,53,0,0,0,6,53,53,0,0,0,2011
135,"Cartwright, Rock",OAK,4,0.3,15,0,4,45,11.3,0,4,24,0,0,0,8,69,84,0,0,0,2011
136,"Allen, Armando",CHI,4,2,2,0,15,48,3.2,0,0,0,0,0,0,15,48,65,0,0,0,2011
137,"Allen, Armando",CHI,4,2,2,0,15,48,3.2,0,0,0,0,0,0,15,48,65,0,0,0,2011
138,"Allen, Armando",CHI,4,4,1,0,11,40,3.6,0,0,0,0,0,0,11,40,40,0,0,0,2011
139,"Miller, Brit",STL,4,0.3,12,2,5,14,2.8,0,3,41,0,0,0,8,55,55,0,0,0,2011
140,"Allen, Armando",CHI,4,4,1,0,11,40,3.6,0,0,0,0,0,0,11,40,40,0,0,0,2011
141,"Sherman, Anthony",ARI,4,0.3,15,7,1,3,3,0,8,72,0,0,0,9,75,75,0,0,0,2011
142,"Harris, DuJuan",JAX,3,0.6,5,0,9,42,4.7,0,1,4,0,0,0,10,46,354,0,0,0,2011
143,"Cribbs, Josh",CLE,3,3,1,1,1,3,3,0,2,38,0,0,0,3,41,63,0,0,0,2011
144,"Davis, Fred",WAS,3,3,1,1,0,0,0,0,4,34,0,0,0,4,34,34,0,0,0,2011
145,"Fiammetta, Tony",DAL,3,0.3,10,6,4,4,1,0,3,39,0,0,0,7,43,43,0,0,0,2011
146,"Owens, Montell",JAX,3,0.2,13,0,10,39,3.9,0,2,2,0,0,0,12,41,54,0,0,0,2011
147,"Schmitt, Owen",PHI,2,0.1,16,5,4,6,1.5,0,3,32,0,0,0,7,38,38,0,0,0,2011
148,"Tonga, Manase",OAK,2,0.2,11,3,1,12,12,0,3,18,0,0,0,4,30,30,0,0,0,2011
149,"Vaughan, Josh",CAR,2,0.3,7,0,7,24,3.4,0,0,0,0,0,0,7,24,24,0,0,0,2011
150,"Powell, Bilal",NYJ,2,1,2,0,13,21,1.6,0,1,7,0,0,0,14,28,28,0,0,0,2011
151,"Harrison, Jerome",DET,2,0.5,4,0,14,41,2.9,0,1,3,0,0,0,15,44,44,0,0,0,2011
152,"Norwood, Jerious",STL,2,0.2,9,0,24,61,2.5,0,0,0,0,0,0,24,61,672,0,0,0,2011
153,"Vickers, Lawrence",HOU,2,0.1,14,1,1,0,0,0,4,29,0,0,0,5,29,29,0,0,0,2011
154,"Marecic, Owen",CLE,2,0.1,14,4,4,8,2,0,5,31,0,0,0,9,39,85,0,0,0,2011
155,"White, Johnny",BUF,2,0.2,11,0,12,38,3.2,0,1,-3,0,0,0,13,35,35,0,0,0,2011
156,"Johnson, Quinn",TEN,2,0.5,4,1,0,0,0,0,3,30,0,0,0,3,30,30,0,0,0,2011
157,"Clutts, Tyler",CHI,2,0.1,15,7,0,0,0,0,8,48,0,0,0,8,48,57,0,0,0,2011
158,"Maui'a, Reagan",ARI,1,0.3,3,3,0,0,0,0,1,12,0,0,0,1,12,12,0,0,0,2011
159,"McMichael, Randy",SD,1,1,1,1,0,0,0,0,2,13,0,0,0,2,13,13,0,0,0,2011
160,"Bolen, Brock",JAX,1,0.1,13,0,2,14,7,0,2,6,0,0,0,4,20,20,0,0,0,2011
161,"Phillips, John",DAL,1,0.5,2,2,0,0,0,0,3,26,0,0,0,3,26,42,0,0,0,2011
162,"Williams, Eddie",SEA,1,0.2,6,1,2,2,1,0,1,17,0,0,0,3,19,19,0,0,0,2011
163,"Scott, Da'Rel",NYG,1,0.1,11,0,5,16,3.2,0,2,13,0,0,0,7,29,370,0,0,1,2011
164,"Pressley, Chris",CIN,1,0.1,15,10,0,0,0,0,3,19,0,0,0,3,19,19,0,0,0,2011
165,"Green, Alex",GB,1,0.3,4,0,3,11,3.7,0,1,6,0,0,0,4,17,17,0,0,0,2011
166,"Logan, Stefan",DET,1,1,1,1,1,5,5,0,1,19,0,0,0,2,24,92,0,0,0,2011
167,"Clayton, Thomas",CLE,1,0.5,2,0,6,14,2.3,0,0,0,0,0,0,6,14,14,0,0,0,2011
168,"Washington, Chauncey",DAL,1,0.5,2,0,1,-1,-1,0,2,13,0,0,0,3,12,12,0,0,0,2011
169,"Felton, Jerome",CAR,1,0.1,13,3,3,10,3.3,0,4,40,0,0,0,7,50,50,0,0,0,2011
170,"Sellers, Mike",WAS,1,0.1,9,0,0,0,0,0,1,15,0,0,0,1,15,30,0,0,0,2011
171,"Walker, Delanie",SF,1,0.5,2,2,1,-3,-3,0,2,15,0,0,0,3,12,12,0,0,0,2011
172,"Bradford, Allen",TB,1,1,1,0,5,13,2.6,0,0,0,0,0,0,5,13,13,0,0,0,2011
173,"Mahaffey, Ryan",IND,0,0,5,0,0,0,0,0,1,5,0,0,0,1,5,5,0,0,0,2011
174,"Hall, Korey",NO,0,0,13,0,0,0,0,0,0,0,0,0,0,0,0,0,0,0,0,2011
175,"Brown, Patrick",MIN,0,0,1,0,0,0,0,0,0,0,0,0,0,0,0,0,0,0,0,2011
176,"Wilson, Kyle",NYJ,0,0,1,0,0,0,0,0,0,0,0,0,0,0,0,0,0,0,0,2011
177,"Love, Demarcus",MIN,0,0,1,0,0,0,0,0,0,0,0,0,0,0,0,0,0,0,0,2011
178,"Brown, Charles",NO,0,0,1,0,0,0,0,0,0,0,0,0,0,0,0,0,0,0,0,2011
179,"Schilling, Stephen",SD,0,0,1,0,0,0,0,0,0,0,0,0,0,0,0,0,0,0,0,2011
180,"Allen, Armando",CHI,0,0,1,0,4,8,2,0,0,0,0,0,0,4,8,25,0,0,0,2011
181,"Buckley, Eldra",DET,0,0,2,0,0,0,0,0,0,0,0,0,0,0,0,0,0,0,0,2011
182,"D'Imperio, Ryan",MIN,0,0,12,1,0,0,0,0,2,7,0,0,0,2,7,13,0,0,0,2011
183,"Gordon, Richard",OAK,0,0,1,1,0,0,0,0,1,2,0,0,0,1,2,2,0,0,0,2011
184,"Love, Demarcus",MIN,0,0,1,0,0,0,0,0,0,0,0,0,0,0,0,0,0,0,0,2011
185,"Hangartner, Geoff",CAR,0,0,1,1,0,0,0,0,0,0,0,0,0,0,0,0,0,0,0,2011
186,"Allen, Anthony",BAL,0,0,5,0,3,8,2.7,0,0,0,0,0,0,3,8,8,0,0,0,2011
187,"Smith, Armond",CLE,0,0,3,0,3,2,0.7,0,0,0,0,0,0,3,2,2,0,0,0,2011
188,"Clark, Chris",DEN,0,0,1,0,0,0,0,0,0,0,0,0,0,0,0,0,0,0,0,2011
189,"Draughn, Shaun",KC,0,0,1,0,0,0,0,0,0,0,0,0,0,0,0,0,0,0,0,2011
190,"Johnson, Larry",MIA,0,0,2,0,1,2,2,0,0,0,0,0,0,1,2,2,0,0,0,2011
191,"McQuistan, Pat",NO,0,0,1,0,0,0,0,0,0,0,0,0,0,0,0,0,0,0,0,2011
192,"Cox, Mike",ATL,0,0,7,3,0,0,0,0,2,8,0,0,0,2,8,8,0,0,0,2011
193,"Boone, Alex",SF,0,0,1,0,0,0,0,0,0,0,0,0,0,0,0,0,0,0,0,2011
194,"Smith, Antone",ATL,0,0,12,0,0,0,0,0,0,0,0,0,0,0,0,0,0,0,0,2011
195,"Polite, Lousaka",NE,0,0,1,0,0,0,0,0,0,0,0,0,0,0,0,0,0,0,0,2011
196,"Todman, Jordan",SD,0,0,1,0,0,0,0,0,0,0,0,0,0,0,0,0,0,0,0,2011
197,"Draughn, Shaun",KC,0,0,1,0,0,0,0,0,0,0,0,0,0,0,0,0,0,0,0,2011
198,"Olsen, Greg",CAR,0,0,1,1,0,0,0,0,0,0,0,0,0,0,0,0,0,0,0,2011
199,"Peerman, Cedric",CIN,0,0,14,0,3,15,5,0,0,0,0,0,0,3,15,25,0,0,0,2011
200,"Gronkowski, Chris",IND,0,0,7,0,0,0,0,0,0,0,0,0,0,0,0,0,0,0,0,2011
201,"Porter, Quinn",STL,0,0,12,0,0,0,0,0,0,0,0,0,0,0,0,555,0,0,0,2011
202,"Chapas, Shaun",DAL,0,0,3,0,0,0,0,0,1,9,0,0,0,1,9,9,0,0,0,2011
203,"Clutts, Tyler",CHI,0,0,1,0,0,0,0,0,0,0,0,0,0,0,0,0,0,0,0,2011
204,"Medlin, Richard",MIA,0,0,1,0,0,0,0,0,0,0,0,0,0,0,0,0,0,0,0,2011
205,"Brown, Aaron",DET,0,0,1,0,1,0,0,0,1,9,0,0,0,2,9,9,0,0,0,2011
206,"Dotson, Demar",TB,0,0,1,0,0,0,0,0,0,0,0,0,0,0,0,0,0,0,0,2011
207,"Hoomanawanui, Michael",STL,0,0,1,1,0,0,0,0,0,0,0,0,0,0,0,0,0,0,0,2011
208,"Norris, Moran",SF,0,0,4,2,0,0,0,0,0,0,0,0,0,0,0,0,0,0,0,2011
209,"Draughn, Shaun",KC,0,0,1,0,0,0,0,0,0,0,0,0,0,0,0,0,0,0,0,2011
210,"Evans, Darren",IND,0,0,2,0,0,0,0,0,0,0,0,0,0,0,0,0,0,0,0,2011
211,"Allen, Armando",CHI,0,0,1,0,4,8,2,0,0,0,0,0,0,4,8,25,0,0,0,2011
212,"Otto, Mike",TEN,0,0,1,0,0,0,0,0,0,0,0,0,0,0,0,0,0,0,0,2011
213,"Peterson, Mike",ATL,0,0,1,0,0,0,0,0,0,0,0,0,0,0,0,0,0,0,0,2011
214,"Goodson, Mike",CAR,0,0,4,0,0,0,0,0,1,4,0,0,0,1,4,254,0,0,0,2011
215,"Love, Demarcus",MIN,0,0,1,0,0,0,0,0,0,0,0,0,0,0,0,0,0,0,0,2011
216,"Love, Demarcus",MIN,0,0,1,0,0,0,0,0,0,0,0,0,0,0,0,0,0,0,0,2011
217,"McIntyre, Corey",BUF,0,0,16,1,0,0,0,0,1,4,0,0,0,1,4,4,0,0,0,2011
218,"Svitek, Will",ATL,0,0,1,0,0,0,0,0,0,0,0,0,0,0,0,0,0,0,0,2011
219,"Suggs, Terrell",BAL,0,0,1,1,0,0,0,0,0,0,0,0,0,0,0,0,0,0,0,2011
1,"Peterson, Adrian",MIN,301,18.8,16,16,348,2097,6,12,40,217,1,0,0,388,2314,2314,13,1,2,2012
2,"Martin, Doug",TB,250,15.6,16,16,319,1454,4.6,11,49,472,1,0,0,368,1926,1926,12,0,1,2012
3,"Foster, Arian",HOU,250,15.6,16,16,351,1424,4.1,15,40,217,2,0,0,391,1641,1641,17,0,2,2012
4,"Lynch, Marshawn",SEA,238,14.9,16,15,315,1590,5,11,23,196,1,0,0,338,1786,1786,12,0,2,2012
5,"Morris, Alfred",WAS,223,14.9,15,15,318,1535,4.8,12,11,77,0,0,0,329,1612,1612,12,0,3,2012
6,"Rice, Ray",BAL,207,12.9,16,16,257,1143,4.4,9,61,478,1,0,0,318,1621,1621,10,0,0,2012
7,"Spiller, C.J.",BUF,205,12.8,16,9,207,1244,6,6,43,459,2,0,0,250,1703,1703,8,0,3,2012
8,"Charles, Jamaal",KC,199,12.4,16,15,285,1509,5.3,5,35,236,1,0,0,320,1745,1745,6,0,3,2012
9,"Ridley, Stevan",NE,195,12.2,16,12,290,1263,4.4,12,6,51,0,0,0,296,1314,1314,12,0,2,2012
10,"Richardson, Trent",CLE,188,12.5,15,15,267,950,3.6,11,51,367,1,0,0,318,1317,1317,12,0,0,2012
11,"Gore, Frank",SF,186,11.6,16,16,258,1214,4.7,8,28,234,1,0,0,286,1448,1448,9,0,1,2012
12,"Johnson, Chris",TEN,170,10.6,16,15,276,1243,4.5,6,36,232,0,0,0,312,1475,1475,6,0,4,2012
13,"Forte, Matt",CHI,169,11.3,15,15,248,1094,4.4,5,44,340,1,0,0,292,1434,1434,6,0,1,2012
14,"Bush, Reggie",MIA,163,10.2,16,16,227,986,4.3,6,35,292,2,0,0,262,1278,1278,8,0,2,2012
15,"Greene, Shonn",NYJ,157,9.8,16,14,276,1063,3.9,8,19,151,0,0,0,295,1214,1214,8,0,1,2012
16,"Jackson, Steven",STL,150,9.4,16,16,257,1042,4.1,4,38,321,0,0,0,295,1363,1363,4,1,0,2012
17,"Bradshaw, Ahmad",NYG,149,10.6,14,12,221,1015,4.6,6,23,245,0,0,0,244,1260,1260,6,0,3,2012
18,"Turner, Michael",ATL,148,9.3,16,16,222,800,3.6,10,19,128,1,0,0,241,928,928,11,0,1,2012
19,"Leshoure, Mikel",DET,145,10.4,14,14,215,798,3.7,9,34,214,0,0,0,249,1012,1012,9,0,3,2012
20,"Green-Ellis, BenJarvus",CIN,144,9,16,15,278,1094,3.9,6,22,104,0,0,0,300,1198,1198,6,0,2,2012
21,"McCoy, LeSean",PHI,141,11.8,12,12,200,840,4.2,2,54,373,3,0,0,254,1213,1213,5,0,3,2012
22,"Sproles, Darren",NO,131,10.1,13,6,48,244,5.1,1,75,667,7,0,0,123,911,1577,8,1,0,2012
23,"Williams, DeAngelo",CAR,123,7.7,16,10,173,737,4.3,5,13,187,2,0,0,186,924,924,7,0,2,2012
24,"McGahee, Willis",DEN,114,11.4,10,9,167,731,4.4,4,26,221,0,0,0,193,952,952,4,1,4,2012
25,"Murray, DeMarco",DAL,107,10.7,10,10,161,663,4.1,4,35,251,0,0,0,196,914,914,4,0,2,2012
26,"Ballard, Vick",IND,103,6.4,16,12,211,814,3.9,2,17,152,1,0,0,228,966,966,3,0,0,2012
27,"Woodhead, Danny",NE,102,6.4,16,2,76,301,4,4,40,446,3,0,0,116,747,790,7,0,0,2012
28,"McFadden, Darren",OAK,101,8.4,12,12,216,707,3.3,2,42,258,1,0,0,258,965,965,3,0,2,2012
29,"Bell, Joique",DET,95,5.9,16,0,82,414,5,3,52,485,0,0,0,134,899,953,3,0,2,2012
30,"Mathews, Ryan",SD,91,7.6,12,9,184,707,3.8,1,39,252,0,0,0,223,959,959,1,0,2,2012
31,"Brown, Andre",NYG,91,8.3,11,2,73,385,5.3,8,12,86,0,0,0,85,471,513,8,1,0,2012
32,"Jones, Felix",DAL,89,5.6,16,7,111,402,3.6,3,25,262,2,0,0,136,664,900,5,0,2,2012
33,"Moreno, Knowshon",DEN,85,10.6,8,6,138,525,3.8,4,21,167,0,0,0,159,692,692,4,0,1,2012
34,"Thomas, Pierre",NO,85,5.7,15,4,105,473,4.5,1,39,354,1,0,0,144,827,918,2,0,0,2012
35,"Ingram, Mark",NO,85,5.3,16,5,156,602,3.9,5,6,29,0,0,0,162,631,631,5,0,0,2012
36,"Jackson, Fred",BUF,81,8.1,10,8,115,437,3.8,3,34,217,1,0,0,149,654,654,4,0,4,2012
37,"Rodgers, Jacquizz",ATL,79,4.9,16,0,94,362,3.9,1,53,402,1,0,0,147,764,1356,2,0,0,2012
38,"Tolbert, Michael",CAR,74,4.6,16,5,54,183,3.4,7,27,268,0,0,0,81,451,477,7,0,0,2012
39,"Brown, Bryce",PHI,74,4.6,16,4,115,564,4.9,4,13,56,0,0,0,128,620,776,4,0,3,2012
40,"Reece, Marcel",OAK,74,4.6,16,14,59,271,4.6,0,52,496,1,0,0,111,767,803,1,0,0,2012
41,"Dwyer, Jonathan",PIT,73,5.6,13,6,156,623,4,2,18,106,0,0,0,174,729,729,2,0,2,2012
42,"Powell, Bilal",NYJ,72,5.1,14,2,110,437,4,4,17,140,0,0,0,127,577,577,4,0,0,2012
43,"Bush, Michael",CHI,69,5.3,13,1,114,411,3.6,5,9,83,0,0,0,123,494,494,5,0,1,2012
44,"Redman, Isaac",PIT,68,4.9,14,5,110,410,3.7,2,19,244,0,0,0,129,654,654,2,0,3,2012
45,"Stephens-Howling, LaRod",ARI,66,4.7,14,5,110,356,3.2,4,17,106,0,0,0,127,462,867,4,0,0,2012
46,"Thomas, Daniel",MIA,63,5.3,12,0,91,325,3.6,4,15,156,0,0,0,106,481,481,4,0,2,2012
47,"Wilson, David",NYG,63,3.9,16,2,71,358,5,4,4,34,1,0,0,75,392,1925,6,0,1,2012
48,"Battle, Jackie",SD,59,3.7,16,5,95,311,3.3,3,15,108,1,0,0,110,419,419,4,0,0,2012
49,"Vereen, Shane",NE,59,4.5,13,1,62,251,4,3,8,149,1,0,0,70,400,400,4,0,1,2012
50,"Jones-Drew, Maurice",JAX,56,9.3,6,5,86,414,4.8,1,14,86,1,0,0,100,500,504,2,0,0,2012
51,"Pierce, Bernard",BAL,55,3.4,16,0,108,532,4.9,1,7,47,0,0,0,115,579,579,1,0,0,2012
52,"Stewart, Jonathan",CAR,54,6,9,6,93,336,3.6,1,17,157,1,0,0,110,493,493,2,0,0,2012
53,"Brown, Donald",IND,52,5.2,10,4,108,417,3.9,1,9,93,0,0,0,117,510,510,1,1,0,2012
54,"Richardson, Daryl",STL,52,3.3,16,0,98,475,4.8,0,24,163,0,0,0,122,638,638,0,1,2,2012
55,"Wells, Beanie",ARI,51,6.4,8,7,88,234,2.7,5,1,24,0,0,0,89,258,258,5,0,1,2012
56,"Green, Alex",GB,50,4.2,12,4,135,464,3.4,0,18,125,0,0,0,153,589,589,0,0,0,2012
57,"Jennings, Rashad",JAX,49,4.9,10,6,101,283,2.8,2,19,130,0,0,0,120,413,654,2,1,1,2012
58,"Hunter, Kendall",SF,48,4.4,11,0,72,371,5.2,2,9,60,0,0,0,81,431,596,2,0,1,2012
59,"Brown, Ronnie",SD,45,3.2,14,1,46,220,4.8,0,49,371,0,0,0,95,591,591,0,0,0,2012
60,"Draughn, Shaun",KC,43,2.7,16,0,59,233,3.9,2,24,158,0,0,0,83,391,928,2,0,1,2012
61,"Goodson, Mike",OAK,42,3.5,12,0,35,221,6.3,0,16,195,1,0,0,51,416,775,1,0,0,2012
62,"Turbin, Robert",SEA,42,2.6,16,0,80,354,4.4,0,19,181,0,0,0,99,535,535,0,0,0,2012
63,"Casey, James",HOU,40,2.7,15,8,1,6,6,0,31,281,3,0,0,32,287,287,3,0,0,2012
64,"Forsett, Justin",HOU,39,2.4,16,0,63,374,5.9,1,3,38,0,0,0,66,412,412,1,0,0,2012
65,"Tate, Ben",HOU,38,3.5,11,0,65,279,4.3,2,11,49,0,0,0,76,328,328,2,0,1,2012
66,"Benson, Cedric",GB,37,7.4,5,5,71,248,3.5,1,14,97,0,0,0,85,345,345,1,0,0,2012
67,"Bolden, Brandon",NE,37,3.7,10,0,56,274,4.9,2,2,11,0,0,0,58,285,285,2,0,0,2012
68,"Owens, Montell",JAX,36,2.8,13,4,42,209,5,1,8,113,0,0,0,50,322,322,1,1,0,2012
69,"Hillman, Ronnie",DEN,35,2.5,14,0,85,330,3.9,1,10,62,0,0,0,95,392,392,1,0,1,2012
70,"Peerman, Cedric",CIN,35,2.5,14,1,36,258,7.2,1,9,85,0,0,0,45,343,380,1,0,0,2012
71,"Hillis, Peyton",KC,34,2.6,13,2,85,309,3.6,1,10,62,0,0,0,95,371,371,1,0,2,2012
72,"Ivory, Chris",NO,32,5.3,6,2,40,217,5.4,2,2,15,0,0,0,42,232,232,2,0,0,2012
73,"Starks, James",GB,30,5,6,2,71,255,3.6,1,4,31,0,0,0,75,286,286,1,0,0,2012
74,"Miller, Lamar",MIA,29,2.2,13,0,51,250,4.9,1,6,45,0,0,0,57,295,295,1,0,0,2012
75,"Gerhart, Toby",MIN,29,1.8,16,0,50,169,3.4,1,20,155,0,0,0,70,324,324,1,0,2,2012
76,"Ball, Lance",DEN,29,1.9,15,0,42,158,3.8,1,7,61,1,0,0,49,219,219,2,0,1,2012
77,"Carter, Delone",IND,29,2.9,10,0,32,122,3.8,3,1,13,0,0,0,33,135,135,3,0,0,2012
78,"Powell, William",ARI,29,2.2,13,1,60,217,3.6,0,19,132,0,0,0,79,349,856,0,0,0,2012
79,"Hardesty, Montario",CLE,28,2.3,12,1,65,271,4.2,1,2,16,0,0,0,67,287,287,1,0,0,2012
80,"Mendenhall, Rashard",PIT,27,4.5,6,4,51,182,3.6,0,9,62,1,0,0,60,244,244,1,0,1,2012
81,"Harris, DuJuan",GB,27,6.8,4,2,34,157,4.6,2,2,17,0,0,0,36,174,174,2,0,0,2012
82,"Lane, Jorvorskie",MIA,27,1.8,15,6,13,13,1,2,10,77,1,0,0,23,90,132,3,1,1,2012
83,"Smith, Kevin",DET,27,2.1,13,2,37,134,3.6,1,10,79,1,0,0,47,213,213,2,0,0,2012
84,"Grant, Ryan",WAS,27,5.4,5,1,32,132,4.1,2,1,34,0,0,0,33,166,166,2,0,1,2012
85,"Allen, Dwayne",IND,25,6.3,4,4,2,3,1.5,0,12,145,2,0,0,14,148,148,2,0,0,2012
86,"Royster, Evan",WAS,25,1.6,16,0,23,88,3.8,2,15,109,0,0,0,38,197,236,2,0,0,2012
87,"Robinson, Michael",SEA,24,1.5,16,5,12,49,4.1,0,13,126,2,0,0,25,175,175,2,0,0,2012
88,"Choice, Tashard",BUF,23,2.1,11,0,47,193,4.1,1,4,9,0,0,0,51,202,202,1,0,0,2012
89,"Snelling, Jason",ATL,23,1.4,16,2,18,63,3.5,0,31,203,1,0,0,49,266,282,1,0,1,2012
90,"Blount, LeGarrette",TB,22,1.7,13,0,41,151,3.7,2,1,2,0,0,0,42,153,153,2,0,0,2012
91,"Rainey, Chris",PIT,21,1.3,16,0,26,102,3.9,2,14,60,0,0,0,40,162,1213,2,0,1,2012
92,"Kuhn, John",GB,19,1.4,14,3,23,63,2.7,1,15,148,0,0,0,38,211,211,1,0,0,2012
93,"Hester, Jacob",DEN,19,6.3,3,0,17,81,4.8,2,1,7,0,0,0,18,88,88,2,0,0,2012
94,"Harper, Jamie",TEN,19,1.9,10,0,19,30,1.6,3,1,8,0,0,0,20,38,38,3,0,0,2012
95,"Young, Darrel",WAS,17,1.1,15,7,14,60,4.3,0,7,103,1,0,0,21,163,163,1,0,0,2012
96,"Williams, Ryan",ARI,17,3.4,5,3,58,164,2.8,0,7,44,0,0,0,65,208,208,0,0,2,2012
97,"Allen, Armando",CHI,17,1.1,15,0,27,124,4.6,1,2,16,0,0,0,29,140,150,1,0,0,2012
98,"Brinkley, Curtis",SD,16,1.6,10,1,39,115,2.9,0,12,77,0,0,0,51,192,278,0,0,0,2012
99,"Parmele, Jalen",JAX,16,1.5,11,1,40,143,3.6,0,7,60,0,0,0,47,203,436,0,0,0,2012
100,"Leach, Vonta",BAL,16,1,16,13,9,32,3.6,1,21,143,0,0,0,30,175,175,1,0,0,2012
101,"Ogbonnaya, Chris",CLE,15,1.1,14,1,7,26,3.7,0,23,178,0,0,0,30,204,204,0,0,1,2012
102,"Dixon, Anthony",SF,15,0.9,16,0,21,78,3.7,2,0,0,0,0,0,21,78,78,2,0,0,2012
103,"Collins, Jed",NO,15,1,15,7,0,0,0,0,14,70,2,0,0,14,70,70,2,0,1,2012
104,"Thomas, David",NO,14,7,2,2,0,0,0,0,3,24,2,0,0,3,24,24,2,0,0,2012
105,"Johnson, Will",PIT,14,0.9,16,7,2,7,3.5,0,15,137,1,0,0,17,144,152,1,0,0,2012
106,"McKnight, Joe",NYJ,14,0.9,15,0,30,179,6,0,1,18,0,0,0,31,197,1269,1,0,1,2012
107,"Stewart, Jeremy",OAK,13,3.3,4,0,25,101,4,0,8,62,0,0,0,33,163,206,0,0,0,2012
108,"Lewis, Dion",PHI,13,1.4,9,0,13,69,5.3,1,2,24,0,0,0,15,93,126,1,0,0,2012
109,"James, LaMichael",SF,13,3.3,4,0,27,125,4.6,0,3,29,0,0,0,30,154,571,0,0,0,2012
110,"Washington, Leon",SEA,12,0.8,16,0,23,83,3.6,1,4,31,0,0,0,27,114,1254,2,0,1,2012
111,"Clay, Charles",MIA,12,1,12,8,0,0,0,0,9,93,1,0,0,9,93,93,1,0,0,2012
112,"Moore, Mewelde",IND,12,1.3,9,0,13,20,1.5,0,6,77,1,0,0,19,97,147,1,0,1,2012
113,"Leonard, Brian",CIN,11,0.7,15,0,33,106,3.2,0,11,67,0,0,0,44,173,173,0,0,0,2012
114,"Batch, Baron",PIT,11,0.9,12,0,25,49,2,1,4,31,0,0,0,29,80,80,1,0,0,2012
115,"Allen, Anthony",BAL,11,0.7,16,0,16,61,3.8,1,2,12,0,0,0,18,73,129,1,0,0,2012
116,"Toston, Keith",JAX,11,1.8,6,1,17,74,4.4,0,3,41,0,0,0,20,115,180,0,0,0,2012
117,"Lorig, Erik",TB,11,0.7,16,7,0,0,0,0,12,83,1,0,0,12,83,83,1,0,0,2012
118,"Ware, Danny",TB,10,0.6,16,1,11,51,4.6,0,14,100,0,0,0,25,151,176,0,0,0,2012
119,"Dickerson, Dorin",BUF,10,1,10,0,1,-8,-8,0,9,117,0,0,0,10,109,109,0,0,1,2012
120,"Tanner, Phillip",DAL,9,0.6,14,0,25,61,2.4,0,4,41,0,0,0,29,102,102,0,0,0,2012
121,"Dunbar, Lance",DAL,8,0.7,12,0,21,75,3.6,0,6,33,0,0,0,27,108,369,0,0,0,2012
122,"Bell, Kahlil",CHI,8,1.1,7,0,29,76,2.6,0,2,13,0,0,0,31,89,89,0,0,1,2012
123,"Vickers, Lawrence",DAL,7,0.4,16,6,3,11,3.7,0,13,104,0,0,0,16,115,129,0,0,0,2012
124,"Hynoski, Henry",NYG,7,0.4,16,11,5,20,4,0,11,50,1,0,0,16,70,70,1,0,0,2012
125,"Havili, Stanley",PHI,7,0.5,15,2,6,22,3.7,1,7,43,0,0,0,13,65,83,1,0,0,2012
126,"Jackson, Brandon",CLE,7,3.5,2,0,8,54,6.8,0,2,20,0,0,0,10,74,74,0,0,0,2012
127,"Murphy, Richard",JAX,7,1.4,5,0,23,92,4,0,0,0,0,0,0,23,92,210,0,0,0,2012
128,"Pressley, Chris",CIN,6,0.4,14,7,0,0,0,0,1,1,1,0,0,1,1,16,1,0,0,2012
129,"Stevens, Craig",TEN,5,2.5,2,2,0,0,0,0,3,60,0,0,0,3,60,60,0,0,0,2012
130,"Miller, Bruce",SF,5,0.3,16,13,5,18,3.6,0,12,84,0,0,0,17,102,102,0,0,0,2012
131,"Pead, Isaiah",STL,5,0.3,15,1,10,54,5.4,0,3,16,0,0,0,13,70,282,0,0,1,2012
132,"Helu, Roy",WAS,4,1.3,3,0,2,2,1,0,7,45,0,0,0,9,47,47,0,0,0,2012
133,"Gray, Cyrus",KC,4,0.4,9,0,7,44,6.3,0,2,18,0,0,0,9,62,95,0,0,0,2012
134,"Ellison, Rhett",MIN,4,0.3,14,5,0,0,0,0,6,67,0,0,0,6,67,67,0,0,0,2012
135,"Lumpkin, Kregg",NYG,4,0.8,5,0,9,42,4.7,0,0,0,0,0,0,9,42,42,0,0,1,2012
136,"Reynaud, Darius",TEN,4,0.3,16,0,16,33,2.1,0,5,35,0,0,0,21,68,1718,3,0,0,2012
137,"Scott, Bernard",CIN,4,2,2,0,8,35,4.4,0,0,0,0,0,0,8,35,35,0,0,0,2012
138,"Cadet, Travaris",NO,3,0.2,13,0,1,5,5,0,5,44,0,0,0,6,49,741,0,0,1,2012
139,"Kendricks, Lance",STL,3,3,1,1,0,0,0,0,3,33,0,0,0,3,33,33,0,0,0,2012
140,"Jones, Greg",JAX,3,0.3,12,4,5,8,1.6,0,11,64,0,0,0,16,72,72,0,0,0,2012
141,"McCluster, Dexter",KC,3,3,1,1,0,0,0,0,6,39,0,0,0,6,39,39,0,0,0,2012
142,"Sherman, Anthony",ARI,3,0.2,14,4,0,0,0,0,5,39,0,0,0,5,39,39,0,0,0,2012
143,"McClain, Le'Ron",SD,3,0.2,16,9,14,42,3,0,8,29,0,0,0,22,71,71,0,0,0,2012
144,"Ringer, Javon",TEN,2,1,2,0,2,14,7,0,3,12,0,0,0,5,26,26,0,0,0,2012
145,"White, Johnny",BUF,2,0.3,7,0,8,34,4.3,0,0,0,0,0,0,8,34,34,0,0,0,2012
146,"Hilliard, Lex",NYJ,2,0.1,14,9,9,33,3.7,0,4,23,0,0,0,13,56,56,0,0,0,2012
147,"Logan, Stefan",DET,2,0.1,16,0,3,17,5.7,0,6,28,0,0,0,9,45,942,0,0,2,2012
148,"Johnson, Quinn",TEN,2,0.1,16,8,4,5,1.3,0,5,40,0,0,0,9,45,45,0,0,0,2012
149,"Felton, Jerome",MIN,2,0.1,15,6,0,0,0,0,3,35,0,0,0,3,35,51,0,0,0,2012
150,"Eachus, Nate",KC,2,0.2,11,2,5,18,3.6,0,1,19,0,0,0,6,37,37,0,0,0,2012
151,"Graham, Garrett",HOU,1,0.5,2,2,0,0,0,0,3,17,0,0,0,3,17,17,0,0,0,2012
152,"Smith, Alfonso",ARI,1,0.1,11,0,0,0,0,0,2,21,0,0,0,2,21,21,0,0,0,2012
153,"Cox, Mike",ATL,1,0.1,8,7,0,0,0,0,3,22,0,0,0,3,22,22,0,0,0,2012
154,"Thigpen, Marcus",MIA,1,0.1,16,0,1,8,8,0,1,15,0,0,0,2,23,1379,2,0,1,2012
155,"Moeaki, Tony",KC,1,1,1,1,0,0,0,0,1,18,0,0,0,1,18,18,0,0,0,2012
156,"Mooney, Collin",TEN,1,0.5,2,0,5,19,3.8,0,0,0,0,0,0,5,19,19,0,0,0,2012
157,"Gronkowski, Chris",DEN,1,0.1,14,0,0,0,0,0,1,11,0,0,0,1,11,11,0,0,0,2012
158,"Pascoe, Bear",NYG,1,1,1,1,0,0,0,0,1,16,0,0,0,1,16,16,0,0,0,2012
159,"Jones, Taiwan",OAK,1,0.1,14,0,6,21,3.5,0,2,11,0,0,0,8,32,54,0,0,0,2012
160,"Smith, Antone",ATL,0,0,13,0,0,0,0,0,0,0,0,0,0,0,0,0,0,0,0,2012
161,"Hoomanawanui, Michael",NE,0,0,1,1,0,0,0,0,1,4,0,0,0,1,4,4,0,0,0,2012
162,"Igwenagu, Emil",PHI,0,0,1,1,0,0,0,0,0,0,0,0,0,0,0,0,0,0,0,2012
163,"Williams, Brandon",ARI,0,0,1,0,0,0,0,0,0,0,0,0,0,0,0,0,0,0,0,2012
164,"Anderson, Colt",PHI,0,0,1,1,0,0,0,0,0,0,0,0,0,0,0,0,0,0,0,2012
165,"Tukuafu, Will",SF,0,0,2,0,0,0,0,0,0,0,0,0,0,0,0,0,0,0,0,2012
166,"Keo, Shiloh",HOU,0,0,1,0,0,0,0,0,0,0,0,0,0,0,0,0,0,0,0,2012
167,"Williams, Corey",DET,0,0,1,0,0,0,0,0,0,0,0,0,0,0,0,0,0,0,0,2012
168,"Jones, Dominique",IND,0,0,1,1,0,0,0,0,1,8,0,0,0,1,8,8,0,0,0,2012
169,"Scott, Da'Rel",NYG,0,0,4,0,6,9,1.5,0,0,0,0,0,0,6,9,9,0,0,0,2012
170,"Gordon, Richard",OAK,0,0,1,1,0,0,0,0,0,0,0,0,0,0,0,0,0,0,0,2012
171,"Saine, Brandon",GB,0,0,6,0,0,0,0,0,0,0,0,0,0,0,0,0,0,0,0,2012
172,"Jacobs, Brandon",SF,0,0,2,0,5,7,1.4,0,0,0,0,0,0,5,7,7,0,0,0,2012
173,"Batiste, D'Anthony",ARI,0,0,1,0,0,0,0,0,0,0,0,0,0,0,0,0,0,0,0,2012
174,"Clark, Chris",DEN,0,0,1,0,0,0,0,0,0,0,0,0,0,0,0,0,0,0,0,2012
175,"Karim, Deji",IND,0,0,3,0,0,0,0,0,0,0,0,0,0,0,0,328,1,0,0,2012
176,"Hughes, Robert",IND,0,0,5,1,1,5,5,0,1,3,0,0,0,2,8,8,0,0,0,2012
177,"McMichael, Randy",SD,0,0,1,1,0,0,0,0,0,0,0,0,0,0,0,0,0,0,0,2012
178,"Smith, Michael",TB,0,0,1,0,0,0,0,0,0,0,0,0,0,0,0,55,0,0,0,2012
179,"Smith, Alex",CLE,0,0,2,2,0,0,0,0,2,3,0,0,0,2,3,3,0,0,0,2012
180,"Harbor, Clay",PHI,0,0,1,1,0,0,0,0,1,8,0,0,0,1,8,8,0,0,0,2012
181,"DiMarco, Patrick",KC,0,0,5,4,0,0,0,0,0,0,0,0,0,0,0,0,0,0,0,2012
182,"Reiff, Riley",DET,0,0,1,0,0,0,0,0,0,0,0,0,0,0,0,0,0,0,0,2012
183,"Polite, Lousaka",ATL,0,0,6,5,0,0,0,0,1,8,0,0,0,1,8,32,0,0,0,2012
184,"Watkins, Rokevious",STL,0,0,1,0,0,0,0,0,0,0,0,0,0,0,0,0,0,0,0,2012
185,"Hurt, Maurice",WAS,0,0,1,0,0,0,0,0,0,0,0,0,0,0,0,0,0,0,0,2012
186,"Cooley, Chris",WAS,0,0,1,1,0,0,0,0,0,0,0,0,0,0,0,0,0,0,0,2012
187,"Torain, Ryan",NYG,0,0,2,0,0,0,0,0,0,0,0,0,0,0,0,0,0,0,0,2012
188,"Develin, James",NE,0,0,1,0,0,0,0,0,0,0,0,0,0,0,0,0,0,0,0,2012
189,"Todman, Jordan",JAX,0,0,1,0,3,8,2.7,0,1,0,0,0,0,4,8,86,0,0,0,2012
190,"Clutts, Tyler",HOU,0,0,15,0,0,0,0,0,0,0,0,0,0,0,0,0,0,0,0,2012
191,"Asiata, Matt",MIN,0,0,16,0,3,9,3,0,1,2,0,0,0,4,11,66,0,0,0,2012
192,"Weddle, Eric",SD,0,0,1,1,0,0,0,0,0,0,0,0,0,0,0,0,0,0,0,2012
193,"Ta'ufo'ou, Will",JAX,0,0,6,0,0,0,0,0,1,5,0,0,0,1,5,5,0,0,0,2012
194,"Brockel, Richie",CAR,0,0,1,0,0,0,0,0,0,0,0,0,0,0,0,0,0,0,0,2012
195,"Adams, Kyle",CHI,0,0,1,1,0,0,0,0,0,0,0,0,0,0,0,8,0,0,0,2012
196,"McIntyre, Corey",BUF,0,0,16,3,0,0,0,0,1,9,0,0,0,1,9,9,0,0,0,2012
197,"Grimes, Jonathan",NYJ,0,0,9,0,2,6,3,0,2,7,0,0,0,4,13,13,0,0,0,2012
198,"Tebow, Tim",NYJ,0,0,1,1,1,5,5,0,0,0,0,0,0,1,5,5,0,0,0,2012
199,"Maneri, Steve",KC,0,0,1,1,0,0,0,0,0,0,0,0,0,0,0,0,0,0,0,2012
200,"Chapas, Shaun",DET,0,0,3,1,0,0,0,0,1,6,0,0,0,1,6,6,0,0,0,2012
201,"Miller, Kyle",MIA,0,0,1,0,0,0,0,0,0,0,0,0,0,0,0,0,0,0,0,2012
202,"Trufant, Marcus",SEA,0,0,1,0,0,0,0,0,0,0,0,0,0,0,0,0,0,0,0,2012
203,"Jackson, D'Qwell",CLE,0,0,1,0,0,0,0,0,0,0,0,0,0,0,0,0,0,0,0,2012
204,"Herron, Dan",CIN,0,0,3,0,4,5,1.3,0,0,0,0,0,0,4,5,5,0,0,0,2012
205,"Rodriguez, Evan",CHI,0,0,10,3,0,0,0,0,3,10,0,0,0,3,10,10,0,0,0,2012
206,"Olawale, Jamize",OAK,0,0,3,0,0,0,0,0,0,0,0,0,0,0,0,0,0,0,0,2012
207,"Conner, John",NYJ,0,0,5,2,0,0,0,0,0,0,0,0,0,0,0,0,0,0,0,2012
208,"Wylie, Devon",KC,0,0,1,0,0,0,0,0,0,0,0,0,0,0,0,68,0,0,0,2012
209,"Nsekhe, Ty",STL,0,0,1,0,0,0,0,0,0,0,0,0,0,0,0,0,0,0,0,2012
210,"Stingily, Byron",TEN,0,0,1,0,0,0,0,0,0,0,0,0,0,0,0,0,0,0,0,2012
211,"Smith, Armond",CAR,0,0,4,0,3,0,0,0,0,0,0,0,0,3,0,131,0,0,0,2012
212,"Miller, Brit",STL,0,0,9,1,0,0,0,0,0,0,0,0,0,0,0,13,0,0,1,2012
213,"Marecic, Owen",CLE,0,0,10,2,0,0,0,0,0,0,0,0,0,0,0,0,0,0,0,2012
214,"Griffin, John",NYJ,0,0,1,0,0,0,0,0,0,0,0,0,0,0,0,0,0,0,0,2012
215,"Ganaway, Terrance",STL,0,0,4,0,0,0,0,0,0,0,0,0,0,0,0,0,0,0,0,2012
216,"Hunter, Wayne",STL,0,0,4,0,0,0,0,0,0,0,0,0,0,0,0,0,0,0,0,2012
217,"Roby, Courtney",NO,0,0,1,0,0,0,0,0,0,0,0,0,0,0,0,0,0,0,0,2012
218,"Schmitt, Owen",OAK,0,0,13,4,2,1,0.5,0,0,0,0,0,0,2,1,1,0,0,0,2012
219,"Paul, Niles",WAS,0,0,2,2,0,0,0,0,0,0,0,0,0,0,0,39,0,0,0,2012
220,"McKinnie, Bryant",BAL,0,0,1,0,0,0,0,0,0,0,0,0,0,0,0,0,0,0,0,2012
221,"Maui'a, Reagan",ARI,0,0,3,1,0,0,0,0,1,7,0,0,0,1,7,7,0,0,0,2012
222,"Williams, Keiland",DET,0,0,12,0,2,3,1.5,0,2,9,0,0,0,4,12,12,0,0,0,2012
223,"Polk, Chris",PHI,0,0,7,0,0,0,0,0,0,0,0,0,0,0,0,0,0,0,0,2012
224,"Sowell, Bradley",IND,0,0,1,0,0,0,0,0,0,0,0,0,0,0,0,0,0,0,0,2012
1,"Charles, Jamaal",KC,299,19.9,15,15,259,1287,5,12,70,693,7,0,0,329,1980,1980,19,0,2,2013
2,"McCoy, LeSean",PHI,264,16.5,16,16,314,1607,5.1,9,52,539,2,0,0,366,2146,2146,11,0,1,2013
3,"Forte, Matt",CHI,256,16,16,16,289,1339,4.6,9,75,592,3,0,0,364,1931,1931,12,1,2,2013
4,"Lynch, Marshawn",SEA,226,14.1,16,16,301,1257,4.2,12,36,316,2,0,0,337,1573,1573,14,0,1,2013
5,"Moreno, Knowshon",DEN,220,13.8,16,15,241,1038,4.3,10,60,548,3,0,0,301,1586,1586,13,0,0,2013
6,"Lacy, Eddie",GB,200,13.3,15,15,284,1178,4.1,11,35,257,0,0,0,319,1435,1435,11,0,1,2013
7,"Peterson, Adrian",MIN,200,14.3,14,14,279,1266,4.5,10,29,171,1,0,0,308,1437,1437,11,0,3,2013
8,"Johnson, Chris",TEN,193,12.1,16,16,279,1077,3.9,6,42,345,4,0,0,321,1422,1422,10,0,2,2013
9,"Murray, DeMarco",DAL,192,13.7,14,14,217,1121,5.2,9,53,350,1,0,0,270,1471,1471,10,0,1,2013
10,"Bush, Reggie",DET,182,13,14,14,223,1006,4.5,4,54,506,3,0,0,277,1512,1512,7,0,4,2013
11,"Mathews, Ryan",SD,177,11.1,16,15,285,1255,4.4,6,26,189,1,0,0,311,1444,1444,7,0,1,2013
12,"Jackson, Fred",BUF,174,10.9,16,6,207,896,4.3,9,47,387,1,0,0,254,1283,1283,10,0,0,2013
13,"Gore, Frank",SF,172,10.8,16,16,276,1128,4.1,9,16,141,0,0,0,292,1269,1269,9,0,3,2013
14,"Morris, Alfred",WAS,168,10.5,16,16,276,1275,4.6,7,9,78,0,0,0,285,1353,1353,7,0,4,2013
15,"Bell, Le'Veon",PIT,163,12.5,13,13,244,860,3.5,8,45,399,0,0,0,289,1259,1259,8,0,1,2013
16,"Bell, Joique",DET,157,9.8,16,4,166,650,3.9,8,53,547,0,0,0,219,1197,1201,8,1,3,2013
17,"Stacy, Zac",STL,152,10.9,14,12,250,973,3.9,7,26,141,1,0,0,276,1114,1114,8,0,1,2013
18,"Bernard, Giovani",CIN,151,9.4,16,0,170,695,4.1,5,56,514,3,0,0,226,1209,1209,8,0,1,2013
19,"Woodhead, Danny",SD,136,8.5,16,1,106,429,4,2,76,605,6,0,0,182,1034,1296,8,0,2,2013
20,"Jones-Drew, Maurice",JAX,134,8.9,15,15,234,803,3.4,5,43,314,0,8,1,277,1125,1117,6,0,1,2013
21,"Williams, DeAngelo",CAR,131,8.7,15,15,201,843,4.2,3,26,333,1,0,0,227,1176,1176,4,0,2,2013
22,"Jennings, Rashad",OAK,127,8.5,15,8,163,733,4.5,6,36,292,0,0,0,199,1025,1025,6,0,0,2013
23,"Mendenhall, Rashard",ARI,121,8.1,15,15,217,687,3.2,8,18,134,0,0,0,235,821,821,8,1,3,2013
24,"Thomas, Pierre",NO,120,7.5,16,9,147,549,3.7,2,77,513,3,0,0,224,1062,1062,5,0,1,2013
25,"Ridley, Stevan",NE,116,8.3,14,6,178,773,4.3,7,10,62,0,0,0,188,835,835,7,0,4,2013
26,"Ellington, Andre",ARI,115,7.7,15,1,118,652,5.5,3,39,371,1,0,0,157,1023,1044,4,0,0,2013
27,"Brown, Donald",IND,114,7.1,16,5,102,537,5.3,6,27,214,2,0,0,129,751,751,8,0,0,2013
28,"Blount, LeGarrette",NE,114,7.1,16,7,153,772,5,7,2,38,0,0,0,155,810,1304,7,0,2,2013
29,"Spiller, C.J.",BUF,112,7.5,15,10,201,927,4.6,2,33,185,0,0,0,234,1112,1112,2,0,1,2013
30,"Rice, Ray",BAL,111,7.4,15,15,214,660,3.1,4,58,321,0,0,0,272,981,981,4,1,2,2013
31,"Green-Ellis, BenJarvus",CIN,111,6.9,16,16,220,756,3.4,7,4,22,0,0,0,224,778,778,7,0,2,2013
32,"Jackson, Steven",ATL,105,8.8,12,12,156,542,3.5,6,33,191,1,0,0,189,733,733,7,0,0,2013
33,"Tate, Ben",HOU,104,7.4,14,7,181,771,4.3,4,34,140,0,0,0,215,911,911,4,0,2,2013
34,"Richardson, Trent",CLE,101,6.3,16,10,188,563,3,3,35,316,1,0,0,223,879,879,4,0,1,2013
35,"Ivory, Chris",NYJ,94,6.3,15,6,182,833,4.6,3,2,10,0,0,0,184,843,843,3,0,0,2013
36,"Sproles, Darren",NO,94,6.3,15,4,53,220,4.2,2,71,604,2,0,0,124,824,1285,4,0,2,2013
37,"Rainey, Bobby",CLE,89,5.6,16,6,150,566,3.8,5,15,46,1,0,0,165,612,774,6,0,1,2013
38,"Powell, Bilal",NYJ,89,5.6,16,11,176,697,4,1,36,272,0,30,0,212,999,969,1,0,0,2013
39,"Miller, Lamar",MIA,87,5.4,16,15,177,709,4,2,26,170,0,0,0,203,879,879,2,0,1,2013
40,"Ball, Montee",DEN,86,5.4,16,0,120,559,4.7,4,20,145,0,0,0,140,704,704,4,0,3,2013
41,"Tolbert, Michael",CAR,83,5.2,16,13,101,361,3.6,5,27,184,2,0,0,128,545,545,7,0,0,2013
42,"Foster, Arian",HOU,81,10.1,8,8,121,542,4.5,1,22,183,1,0,0,143,725,725,2,1,0,2013
43,"Vereen, Shane",NE,80,10,8,1,44,208,4.7,1,47,427,3,0,0,91,635,701,4,0,0,2013
44,"Rodgers, Jacquizz",ATL,78,5.2,15,4,97,333,3.4,2,52,341,2,0,0,149,674,1249,4,0,1,2013
45,"Starks, James",GB,74,5.7,13,1,89,493,5.5,3,10,89,1,0,0,99,582,582,4,0,0,2013
46,"Thomas, Daniel",MIA,74,4.9,15,1,109,406,3.7,4,15,63,2,0,0,124,469,469,6,0,0,2013
47,"Brown, Andre",NYG,73,9.1,8,8,139,492,3.5,3,20,103,0,0,0,159,595,595,3,1,3,2013
48,"McFadden, Darren",OAK,73,7.3,10,7,114,379,3.3,5,17,108,0,16,1,131,503,487,6,0,1,2013
49,"Reece, Marcel",OAK,71,4.4,16,15,46,218,4.7,2,32,331,2,22,0,78,571,549,4,0,0,2013
50,"Helu, Roy",WAS,65,4.1,16,0,62,274,4.4,4,31,251,0,0,0,93,525,525,4,0,0,2013
51,"Pierce, Bernard",BAL,55,3.4,16,1,152,436,2.9,2,20,104,0,0,0,172,540,540,2,0,0,2013
52,"Ogbonnaya, Chris",CLE,55,3.7,15,6,43,232,5.4,0,43,304,2,0,0,86,536,536,2,0,2,2013
53,"Martin, Doug",TB,53,8.8,6,6,127,456,3.6,1,12,66,0,0,0,139,522,519,1,0,1,2013
54,"Snelling, Jason",ATL,53,3.8,14,1,44,164,3.7,1,29,216,3,0,0,73,380,403,4,0,0,2013
55,"Greene, Shonn",TEN,52,4.7,11,0,77,295,3.8,4,6,39,0,0,0,83,334,334,4,0,0,2013
56,"Bolden, Brandon",NE,51,4.3,12,2,55,271,4.9,3,21,152,0,0,0,76,423,423,3,0,0,2013
57,"Davis, Knile",KC,49,3.1,16,1,70,242,3.5,4,11,75,0,0,0,81,317,638,5,0,1,2013
58,"Hunter, Kendall",SF,48,3,16,0,78,358,4.6,3,2,13,0,0,0,80,371,452,3,0,1,2013
59,"Todman, Jordan",JAX,47,2.9,16,2,76,256,3.4,2,14,116,1,0,0,90,372,1084,3,0,0,2013
60,"Brown, Bryce",PHI,46,3.1,15,1,75,314,4.2,2,8,84,0,0,0,83,398,398,2,1,0,2013
61,"Ingram, Mark",NO,45,4.1,11,3,78,386,4.9,1,7,68,0,0,0,85,454,454,1,0,0,2013
62,"McGahee, Willis",CLE,45,3.8,12,6,138,377,2.7,2,8,20,0,0,0,146,397,397,2,0,1,2013
63,"Jacobs, Brandon",NYG,44,6.3,7,1,58,238,4.1,4,2,13,0,0,0,60,251,251,4,0,1,2013
64,"Bush, Michael",CHI,42,2.8,15,0,63,197,3.1,3,4,48,1,0,0,67,245,245,4,0,0,2013
65,"Hillis, Peyton",NYG,41,5.9,7,1,73,247,3.4,2,13,96,0,0,0,86,343,343,2,0,1,2013
66,"Gerhart, Toby",MIN,40,2.9,14,0,36,283,7.9,2,13,88,0,0,0,49,371,477,2,0,1,2013
67,"Asiata, Matt",MIN,35,3.2,11,1,44,166,3.8,3,5,13,0,0,0,49,179,207,3,0,1,2013
68,"Hillman, Ronnie",DEN,34,3.8,9,0,55,218,4,1,12,119,0,0,0,67,337,337,1,0,1,2013
69,"Cunningham, Benny",STL,33,2.4,14,0,47,261,5.6,1,6,59,0,0,0,53,320,619,1,1,1,2013
70,"Young, Darrel",WAS,32,2.5,13,7,12,41,3.4,3,4,71,1,0,0,16,112,112,4,0,0,2013
71,"Baker, Edwin",CLE,32,10.7,3,2,43,171,4,2,8,57,0,0,0,51,228,228,2,0,0,2013
72,"James, Mike",TB,32,3.6,9,3,60,295,4.9,0,10,43,0,2,1,70,340,338,1,0,0,2013
73,"Polk, Chris",PHI,31,2.1,15,0,11,98,8.9,3,4,61,0,0,0,15,159,167,3,0,0,2013
74,"Bradshaw, Ahmad",IND,31,10.3,3,2,41,186,4.5,2,7,42,0,0,0,48,228,228,2,0,0,2013
75,"Randle, Joseph",DAL,30,2.5,12,2,54,164,3,2,8,61,0,0,0,62,225,232,2,0,0,2013
76,"Whittaker, Foswhitt",SD,28,2.2,13,1,27,69,2.6,0,18,142,2,0,0,45,211,802,2,0,0,2013
77,"Leonard, Brian",TB,27,1.7,16,1,47,182,3.9,0,29,179,0,0,0,76,361,366,0,0,0,2013
78,"Richardson, Daryl",STL,25,3.6,7,3,69,215,3.1,0,14,121,0,0,0,83,336,336,0,0,0,2013
79,"Turbin, Robert",SEA,25,1.6,16,0,77,264,3.4,0,8,60,0,0,0,85,324,501,0,0,1,2013
80,"Smith, Antone",ATL,24,1.6,15,0,5,145,29,2,2,10,0,0,0,7,155,195,2,0,0,2013
81,"Robinson, Khiry",NO,23,2.3,10,0,54,224,4.1,1,0,0,0,0,0,54,224,224,1,0,0,2013
82,"Brown, Ronnie",SD,22,1.4,16,0,45,157,3.5,1,8,60,0,0,0,53,217,330,1,0,0,2013
83,"Scott, Da'Rel",NYG,20,4,5,1,20,73,3.7,0,11,102,1,0,0,31,175,175,1,0,0,2013
84,"Grimes, Jonathan",HOU,20,10,2,1,21,73,3.5,1,6,76,0,0,0,27,149,149,1,0,1,2013
85,"Battle, Jackie",TEN,20,1.3,16,0,36,142,3.9,1,4,36,0,0,0,40,178,204,1,0,0,2013
86,"Miller, Bruce",SF,20,1.4,14,13,7,13,1.9,0,25,243,0,0,0,32,256,256,0,0,0,2013
87,"Stewart, Jonathan",CAR,19,3.2,6,1,48,180,3.8,0,7,44,0,0,0,55,224,224,0,0,0,2013
88,"Summers, Frank",BUF,19,1.3,15,9,12,46,3.8,1,7,79,1,0,0,19,125,125,2,0,0,2013
89,"Johnson, Dennis",HOU,18,2.3,8,1,49,183,3.7,0,8,46,0,0,0,57,229,380,0,0,0,2013
90,"Franklin, Johnathan",GB,18,1.8,10,0,19,107,5.6,1,4,30,0,0,0,23,137,219,1,0,1,2013
91,"Sherman, Anthony",KC,17,1.1,16,7,2,3,1.5,0,18,155,1,0,0,20,158,158,1,0,1,2013
92,"Dunbar, Lance",DAL,17,1.9,9,0,30,150,5,0,7,59,0,0,0,37,209,237,0,0,1,2013
93,"Wilson, David",NYG,17,3.4,5,4,44,146,3.3,1,2,8,0,0,0,46,154,376,1,0,2,2013
94,"Dixon, Anthony",SF,17,1.1,16,1,28,56,2,2,3,30,0,0,0,31,86,187,2,0,0,2013
95,"Dwyer, Jonathan",PIT,16,1.1,15,0,49,197,4,0,8,64,0,0,0,57,261,351,0,0,0,2013
96,"Jones, Felix",PIT,16,1,16,2,48,184,3.8,0,9,63,0,0,0,57,247,757,0,0,1,2013
97,"Smith, Alfonso",ARI,15,0.9,16,0,18,54,3,1,10,68,0,0,0,28,122,122,1,0,1,2013
98,"Havili, Stanley",IND,15,1.2,13,8,7,7,1,0,18,128,1,0,0,25,135,135,1,0,0,2013
99,"Thigpen, Marcus",MIA,15,0.9,16,0,6,18,3,0,8,97,1,0,0,14,115,1257,1,0,0,2013
100,"Kuhn, John",GB,12,0.8,15,6,10,38,3.8,1,13,81,0,0,0,23,119,159,1,0,1,2013
101,"Choice, Tashard",BUF,12,0.8,15,0,46,170,3.7,0,5,15,0,0,0,51,185,213,0,0,0,2013
102,"Taylor, Stepfan",ARI,11,0.7,16,0,36,115,3.2,0,8,71,0,0,0,44,186,186,0,0,0,2013
103,"Develin, James",NE,11,0.7,16,6,4,10,2.5,1,4,62,0,0,0,8,72,72,1,0,0,2013
104,"Leach, Vonta",BAL,10,0.6,16,7,11,23,2.1,0,11,47,1,0,0,22,70,70,1,0,0,2013
105,"Pead, Isaiah",STL,10,1,10,0,7,21,3,0,11,78,0,0,0,18,99,237,0,1,0,2013
106,"Bohanon, Tommy",NYJ,9,0.6,16,8,17,62,3.6,0,11,69,0,0,0,28,131,146,0,0,0,2013
107,"Coleman, Derrick",SEA,9,0.8,12,3,2,3,1.5,0,8,62,1,0,0,10,65,65,1,0,0,2013
108,"Collins, Jed",NO,9,0.6,16,9,15,45,3,1,14,54,0,0,0,29,99,99,1,0,0,2013
109,"Herron, Dan",IND,8,1.3,6,0,5,33,6.6,0,1,57,0,0,0,6,90,103,0,0,0,2013
110,"Bennett, Earl",CHI,8,8,1,1,0,0,0,0,2,22,1,0,0,2,22,22,1,0,0,2013
111,"Riddick, Theo",DET,7,0.5,14,0,9,25,2.8,1,4,26,0,0,0,13,51,63,1,0,0,2013
112,"Tanner, Phillip",DAL,7,0.4,16,0,9,12,1.3,1,3,33,0,0,0,12,45,45,1,0,0,2013
113,"Johnson, Will",PIT,6,0.4,16,4,0,0,0,0,8,41,1,0,0,8,41,41,1,0,0,2013
114,"Stewart, Jeremy",OAK,6,0.5,13,0,2,2,1,1,2,6,0,0,0,4,8,103,1,0,0,2013
115,"Goodson, Mike",NYJ,6,3,2,0,7,61,8.7,0,2,19,0,0,0,9,80,80,0,0,0,2013
116,"Michael, Christine",SEA,6,2,3,0,18,79,4.4,0,0,0,0,0,0,18,79,79,0,0,0,2013
117,"Ballard, Vick",IND,6,6,1,1,13,63,4.8,0,1,-5,0,0,0,14,58,58,0,0,0,2013
118,"Cadet, Travaris",NO,6,0.5,13,0,0,0,0,0,2,5,1,0,0,2,5,244,1,0,0,2013
119,"Clay, Charles",MIA,6,6,1,0,0,0,0,0,1,7,1,0,0,1,7,7,1,0,0,2013
120,"James, LaMichael",SF,6,0.6,10,0,12,59,4.9,0,2,16,0,0,0,14,75,522,0,0,0,2013
121,"Forsett, Justin",JAX,6,0.7,9,0,6,31,5.2,0,15,82,0,0,0,21,113,134,0,0,0,2013
122,"Jones, Taiwan",OAK,5,2.5,2,0,2,3,1.5,0,2,55,0,0,0,4,58,236,0,0,1,2013
123,"Fiammetta, Tony",CHI,5,0.3,16,7,0,0,0,0,4,57,0,0,0,4,57,57,0,0,0,2013
124,"Olawale, Jamize",OAK,5,0.3,16,1,3,6,2,0,7,63,0,0,0,10,69,75,0,0,0,2013
125,"Karim, Deji",HOU,5,0.7,7,0,12,51,4.3,0,1,-1,0,0,0,13,50,128,0,0,0,2013
126,"Cox, Michael",NYG,4,0.3,14,1,22,43,2,0,3,12,0,0,0,25,55,491,0,0,0,2013
127,"Lorig, Erik",TB,3,0.2,14,8,0,0,0,0,11,47,0,0,0,11,47,53,0,0,0,2013
128,"Austin, Tavon",STL,3,3,1,1,1,3,3,0,6,30,0,0,0,7,33,49,0,0,0,2013
129,"Anderson, C.J.",DEN,3,0.8,4,0,7,38,5.4,0,0,0,0,0,0,7,38,38,0,0,0,2013
130,"Hill, Michael",GB,3,0.4,8,0,9,23,2.6,0,2,23,0,0,0,11,46,65,0,0,0,2013
131,"Green, Alex",NYJ,3,0.3,12,0,11,35,3.2,0,2,8,0,0,0,13,43,65,0,0,0,2013
132,"Ewing, Bradie",ATL,2,1,2,2,0,0,0,0,2,29,0,0,0,2,29,29,0,0,0,2013
133,"DiMarco, Patrick",ATL,2,0.1,14,8,0,0,0,0,8,49,0,0,0,8,49,70,0,0,0,2013
134,"Paul, Niles",WAS,2,1,2,2,0,0,0,0,1,25,0,0,0,1,25,204,0,0,0,2013
135,"Robinson, Michael",SEA,2,0.2,9,3,1,0,0,0,2,27,0,0,0,3,27,31,0,0,0,2013
136,"Stephens-Howling, LaRod",PIT,2,2,1,0,6,19,3.2,0,2,11,0,0,0,8,30,55,0,0,0,2013
137,"Felton, Jerome",MIN,2,0.2,13,10,0,0,0,0,6,37,0,0,0,6,37,59,0,0,0,2013
138,"Conner, John",NYG,2,0.2,13,7,0,0,0,0,6,31,0,0,0,6,31,31,0,0,0,2013
139,"Mooney, Collin",TEN,2,0.2,12,4,0,0,0,0,6,32,0,0,0,6,32,32,0,0,0,2013
140,"Demps, Jeffery",TB,2,1,2,0,1,14,14,0,3,21,0,0,0,4,35,128,0,0,0,2013
141,"Gillislee, Mike",MIA,2,0.7,3,0,6,21,3.5,0,0,0,0,0,0,6,21,21,0,0,0,2013
142,"Gray, Cyrus",KC,1,0.1,16,0,9,24,2.7,0,7,46,0,0,0,16,70,70,0,0,0,2013
143,"Jones, Greg",HOU,1,0.1,16,5,2,2,1,0,5,34,0,0,0,7,36,79,0,0,0,2013
144,"Ellison, Rhett",MIN,1,0.1,7,1,0,0,0,0,1,13,0,0,0,1,13,20,0,0,0,2013
145,"Ware, Spencer",SEA,1,0.5,2,0,3,10,3.3,0,0,0,0,0,0,3,10,10,0,0,0,2013
146,"Smith, Lee",BUF,1,1,1,1,0,0,0,0,1,18,0,0,0,1,18,18,0,0,0,2013
147,"Banyard, Joe",MIN,1,0.3,3,0,0,0,0,0,1,11,0,0,0,1,11,17,0,0,0,2013
148,"McClain, Le'Ron",SD,1,0.1,16,4,11,32,2.9,0,2,-7,0,0,0,13,25,25,0,0,0,2013
149,"Scott, Bernard",BAL,1,0.5,2,0,4,14,3.5,0,2,10,0,0,0,6,24,24,0,0,0,2013
150,"Peerman, Cedric",CIN,1,0.1,16,0,8,17,2.1,0,0,0,0,0,0,8,17,83,0,0,0,2013
151,"Graham, Ray",HOU,1,1,1,0,4,8,2,0,1,12,0,0,0,5,20,20,0,0,0,2013
152,"Ta'ufo'ou, Will",JAX,1,0.1,16,7,1,1,1,0,10,40,0,0,0,11,41,46,0,0,0,2013
153,"Pascoe, Bear",NYG,0,0,1,1,0,0,0,0,0,0,0,0,0,0,0,0,0,0,0,2013
154,"Tukuafu, Will",SF,0,0,2,0,0,0,0,0,0,0,0,0,0,0,0,0,0,0,0,2013
155,"Smith, Armond",CAR,0,0,5,0,4,5,1.3,0,0,0,0,0,0,4,5,5,0,0,0,2013
156,"Fauria, Joseph",DET,0,0,1,0,0,0,0,0,0,0,0,0,0,0,0,0,0,0,0,2013
157,"Washington, Leon",NE,0,0,7,0,1,1,1,0,0,0,0,0,0,1,1,579,0,0,0,2013
158,"Larsen, Spencer",TB,0,0,12,0,0,0,0,0,0,0,0,0,0,0,0,0,0,0,0,2013
159,"Spann, Chad",HOU,0,0,1,0,0,0,0,0,0,0,0,0,0,0,0,0,0,0,0,2013
160,"Rodriguez, Evan",BUF,0,0,7,0,0,0,0,0,0,0,0,0,0,0,0,0,0,0,0,2013
161,"Burkhead, Rex",CIN,0,0,1,0,0,0,0,0,0,0,0,0,0,0,0,0,0,0,0,2013
162,"Starling, Jawanza",HOU,0,0,1,0,0,0,0,0,0,0,0,0,0,0,0,0,0,0,0,2013
163,"Otto, Mike",TEN,0,0,1,0,0,0,0,0,0,0,0,0,0,0,0,0,0,0,0,2013
164,"Vaughan, Josh",ATL,0,0,6,0,1,1,1,0,1,-5,0,0,0,2,-4,-4,0,0,0,2013
165,"Taylor, Curtis",ARI,0,0,1,0,0,0,0,0,0,0,0,0,0,0,0,0,0,0,0,2013
166,"Robinson, Denard",JAX,0,0,1,0,2,1,0.5,0,0,0,0,0,0,2,1,1,0,0,0,2013
167,"Ford, Michael",CHI,0,0,12,0,0,0,0,0,0,0,0,0,0,0,0,37,0,0,0,2013
168,"Leshoure, Mikel",DET,0,0,3,0,2,9,4.5,0,0,0,0,0,0,2,9,9,0,0,0,2013
169,"Hughes, Robert",IND,0,0,1,0,0,0,0,0,1,6,0,0,0,1,6,6,0,0,0,2013
170,"Tucker, Matthew",PHI,0,0,2,0,0,0,0,0,0,0,0,0,0,0,0,0,0,0,0,2013
171,"Rainey, Chris",IND,0,0,2,0,0,0,0,0,0,0,0,0,0,0,0,160,0,0,0,2013
172,"Wingo, Ronnie",BUF,0,0,2,0,1,4,4,0,1,2,0,0,0,2,6,6,0,0,0,2013
173,"Brock, Tramaine",SF,0,0,1,0,0,0,0,0,0,0,0,0,0,0,0,0,0,0,0,2013
174,"Reynolds, Chase",STL,0,0,16,0,0,0,0,0,0,0,0,0,0,0,0,0,0,0,0,2013
175,"Boyce, Josh",NE,0,0,1,0,0,0,0,0,0,0,0,0,0,0,0,0,0,0,0,2013
176,"Redman, Isaac",PIT,0,0,4,1,10,12,1.2,0,4,14,0,0,0,14,26,26,0,0,0,2013
177,"Newhouse, Marshall",GB,0,0,1,0,0,0,0,0,0,0,0,0,0,0,0,0,0,0,0,2013
178,"Barner, Kenjon",CAR,0,0,7,0,6,7,1.2,0,2,7,0,0,0,8,14,31,0,0,0,2013
179,"Crawford, Tyrone",DAL,0,0,1,0,0,0,0,0,0,0,0,0,0,0,0,0,0,0,0,2013
180,"Short, Kawann",CAR,0,0,1,0,0,0,0,0,0,0,0,0,0,0,0,0,0,0,0,2013
181,"Stingily, Byron",TEN,0,0,1,0,0,0,0,0,0,0,0,0,0,0,0,0,0,0,0,2013
182,"Charles, Orson",CIN,0,0,13,0,0,0,0,0,1,8,0,0,0,1,8,8,0,0,0,2013
183,"Willson, Luke",SEA,0,0,1,1,0,0,0,0,0,0,0,0,0,0,0,0,0,0,0,2013
184,"Owens, Montell",DET,0,0,1,0,0,0,0,0,0,0,0,0,0,0,0,0,0,0,0,2013
185,"Johnson, Quinn",TEN,0,0,4,0,0,0,0,0,0,0,0,0,0,0,0,0,0,0,0,2013
186,"Thomas, Dallas",MIA,0,0,2,0,0,0,0,0,0,0,0,0,0,0,0,0,0,0,0,2013
187,"Royster, Evan",WAS,0,0,10,0,2,0,0,0,1,3,0,0,0,3,3,3,0,0,0,2013
188,"Reid, Eric",SF,0,0,1,1,0,0,0,0,0,0,0,0,0,0,0,0,0,0,0,2013
189,"Clutts, Tyler",MIA,0,0,8,1,0,0,0,0,1,4,0,0,0,1,4,16,0,0,1,2013
190,"Smelley, Brad",HOU,0,0,2,0,0,0,0,0,0,0,0,0,0,0,0,0,0,0,0,2013
191,"Reynaud, Darius",TEN,0,0,9,0,1,0,0,0,1,4,0,0,0,2,4,569,0,0,1,2013
192,"Byham, Nate",TB,0,0,1,1,0,0,0,0,1,1,0,0,0,1,1,1,0,0,0,2013
193,"Harkey, Cory",STL,0,0,1,1,0,0,0,0,0,0,0,0,0,0,0,0,0,0,0,2013
194,"Wood, Cierre",HOU,0,0,3,0,3,9,3,0,0,0,0,0,0,3,9,29,0,0,0,2013
195,"Thompson, Chris",WAS,0,0,4,0,0,0,0,0,0,0,0,0,0,0,0,196,0,0,0,2013
196,"Juszczyk, Kyle",BAL,0,0,16,0,0,0,0,0,0,0,0,0,0,0,0,17,0,0,0,2013
197,"Bell, Kahlil",GB,0,0,3,0,0,0,0,0,0,0,0,0,0,0,0,22,0,0,0,2013
198,"Hynoski, Henry",NYG,0,0,1,0,0,0,0,0,0,0,0,0,0,0,0,0,0,0,0,2013
199,"Jones, Dominique",IND,0,0,1,1,0,0,0,0,0,0,0,0,0,0,0,0,0,0,0,2013
200,"Line, Zach",MIN,0,0,3,1,0,0,0,0,1,8,0,0,0,1,8,8,0,0,0,2013