Rank,Player,Tm,Tot Pts,Avg Pts,G,GS,Rec,Tar,Rec Yds,Rec Avg,Rec TD,Run Att,Run Yds,Run TD,Pass TD,Off Yds,Tot Tchs,Tot TD,2pt,FumL,year

1,"Witten, Jason",DAL,148,9.3,16,16,94,128,1002,10.7,9,0,0,0,0,1002,94,9,1,1,2010
2,"Gates, Antonio",SD,134,13.4,10,10,50,65,782,15.6,10,0,0,0,0,782,50,10,0,0,2010
3,"Davis, Vernon",SF,129,8.1,16,16,56,93,914,16.3,7,0,0,0,0,914,56,7,1,0,2010
4,"Lewis, Marcedes",JAX,123,7.7,16,16,58,88,700,12.1,10,0,0,0,0,700,58,10,0,2,2010
5,"Gronkowski, Rob",NE,109,7.3,15,9,41,58,542,13.2,10,0,0,0,0,542,41,10,0,1,2010
6,"Cooley, Chris",WAS,98,6.1,16,15,77,126,849,11,3,0,0,0,0,849,77,3,1,1,2010
7,"Winslow, Kellen",TB,96,6,16,11,66,98,730,11.1,5,0,0,0,0,730,66,5,0,0,2010
8,"Gonzalez, Tony",ATL,93,6.2,15,15,68,107,637,9.4,6,0,0,0,0,637,68,6,0,0,2010
9,"Miller, Zach",OAK,90,6,15,15,60,92,685,11.4,5,0,0,0,0,685,60,5,0,0,2010
10,"Hernandez, Aaron",NE,89,6.4,14,7,45,64,563,12.5,6,3,47,0,0,610,48,6,0,0,2010
11,"Keller, Dustin",NYJ,89,5.6,16,14,55,101,687,12.5,5,0,0,0,0,687,55,5,0,0,2010
12,"Watson, Benjamin",CLE,88,5.9,15,15,67,89,755,11.3,3,1,-1,0,0,754,68,3,0,0,2010
13,"Pettigrew, Brandon",DET,88,5.5,16,16,71,111,722,10.2,4,0,0,0,0,722,71,4,0,0,2010
14,"Heap, Todd",BAL,83,6.4,13,13,40,64,599,15,5,0,0,0,0,599,40,5,0,0,2010
15,"Boss, Kevin",NYG,77,5.1,15,13,35,67,531,15.2,5,0,0,0,0,531,35,5,0,1,2010
16,"Fasano, Anthony",MIA,71,4.7,15,14,39,60,528,13.5,4,0,0,0,0,528,39,4,0,0,2010
17,"Dreessen, Joel",HOU,70,4.4,16,10,36,55,518,14.4,4,0,0,0,0,518,36,4,0,1,2010
18,"Celek, Brent",PHI,69,4.3,16,15,42,80,511,12.2,4,0,0,0,0,511,42,4,0,0,2010
19,"Moeaki, Tony",KC,68,4.5,15,15,47,74,556,11.8,3,0,0,0,0,556,47,3,0,0,2010
20,"Gresham, Jermaine",CIN,66,4.4,15,10,52,83,471,9.1,4,0,0,0,0,471,52,4,1,1,2010
21,"Olsen, Greg",CHI,62,3.9,16,13,41,68,404,9.9,5,0,0,0,0,404,41,5,0,1,2010
22,"Graham, Jimmy",NO,61,4.1,15,5,31,44,356,11.5,5,1,3,0,0,359,32,5,0,0,2010
23,"Miller, Heath",PIT,58,4.1,14,14,42,60,512,12.2,2,0,0,0,0,512,42,2,0,1,2010
24,"Tamme, Jacob",IND,57,4.1,14,6,54,75,489,9.1,2,0,0,0,0,489,54,2,0,0,2010
25,"Shiancoe, Visanthe",MIN,57,3.6,16,10,47,80,530,11.3,2,0,0,0,0,530,47,2,0,0,2010
26,"Shockey, Jeremy",NO,53,4.1,13,11,41,59,408,10,3,0,0,0,0,408,41,3,0,0,2010
27,"Scaife, Bo",TEN,52,3.7,14,12,36,52,318,8.8,4,0,0,0,0,318,36,4,0,1,2010
28,"Clark, Dallas",IND,51,8.5,6,6,37,53,347,9.4,3,0,0,0,0,347,37,3,0,0,2010
29,"Fells, Daniel",STL,43,2.7,16,6,41,62,391,9.5,2,0,0,0,0,391,41,2,0,0,2010
30,"Daniels, Owen",HOU,40,4,10,9,30,53,398,13.3,1,0,0,0,0,398,30,1,0,0,2010
31,"Scheffler, Tony",DET,39,2.6,15,4,45,72,378,8.4,1,0,0,0,0,378,45,1,0,1,2010
32,"Davis, Fred",WAS,38,2.5,15,8,18,28,291,16.2,2,0,0,0,0,291,18,2,0,0,2010
33,"Cook, Jared",TEN,37,2.3,16,1,29,45,361,12.4,1,0,0,0,0,361,29,1,0,0,2010
34,"Finley, Jermichael",GB,34,5.7,6,5,21,26,301,14.3,1,0,0,0,0,301,21,1,0,0,2010
35,"Moore, Evan",CLE,33,3,11,3,16,26,322,20.1,1,0,0,0,0,322,16,1,0,1,2010
36,"Carlson, John",SEA,32,2.1,15,13,31,57,318,10.3,1,0,0,0,0,318,31,1,0,0,2010
37,"Thomas, David",NO,30,2.3,13,7,30,46,219,7.3,2,0,0,0,0,219,30,2,0,0,2010
38,"Hoomanawanui, Michael",STL,29,3.6,8,3,13,22,146,11.2,3,0,0,0,0,146,13,3,0,0,2010
39,"McMichael, Randy",SD,29,1.9,15,9,20,25,221,11.1,2,0,0,0,0,221,20,2,0,0,2010
40,"Walker, Delanie",SF,27,1.9,14,6,29,45,331,11.4,0,3,18,0,0,349,32,0,0,1,2010
41,"Quarless, Andrew",GB,26,2,13,4,21,33,238,11.3,1,0,0,0,0,238,21,1,0,1,2010
42,"Lee, Donald",GB,23,1.6,14,6,10,11,74,7.4,3,0,0,0,0,74,10,3,0,1,2010
43,"Bajema, Billy",STL,23,1.8,13,8,14,24,145,10.4,2,0,0,0,0,145,14,2,0,0,2010
44,"Miller, Zach",JAX,22,1.5,15,5,20,26,216,10.8,1,2,9,0,0,225,22,1,0,0,2010
45,"Obomanu, Ben",SEA,21,10.5,2,2,9,11,147,16.3,1,2,17,0,0,164,11,1,0,0,2010
46,"Beckum, Travis",NYG,20,1.3,16,3,13,17,116,8.9,2,0,0,0,0,116,13,2,0,0,2010
47,"Pope, Leonard",KC,19,1.2,16,6,10,18,76,7.6,2,0,0,0,0,76,10,2,0,0,2010
48,"Rosario, Dante",CAR,19,1.3,15,4,31,53,261,8.4,0,1,-2,0,0,259,32,0,0,0,2010
49,"Bennett, Martellus",DAL,18,1.3,14,8,28,41,223,8,0,0,0,0,0,223,28,0,0,0,2010
50,"Gilmore, John",TB,18,1.1,16,11,13,18,160,12.3,1,0,0,0,0,160,13,1,0,0,2010
51,"Dickson, Ed",BAL,17,1.1,15,3,11,23,152,13.8,1,0,0,0,0,152,11,1,0,0,2010
52,"Crumpler, Alge",NE,15,1,15,10,6,10,52,8.7,2,0,0,0,0,52,6,2,0,0,2010
53,"Baker, Chris",SEA,14,0.9,15,12,8,18,108,13.5,1,0,0,0,0,108,8,1,0,0,2010
54,"Peelle, Justin",ATL,13,1.1,12,7,8,13,85,10.6,1,0,0,0,0,85,8,1,0,0,2010
55,"King, Jeff",CAR,13,0.9,14,13,18,31,105,5.8,1,0,0,0,0,105,18,1,0,0,2010
56,"Spaeth, Matt",PIT,12,0.9,13,10,9,18,80,8.9,1,0,0,0,0,80,9,1,0,0,2010
57,"Stevens, Craig",TEN,12,0.9,14,12,9,20,93,10.3,1,0,0,0,0,93,9,1,0,0,2010
58,"Harbor, Clay",PHI,11,1.2,9,6,9,15,72,8,1,0,0,0,0,72,9,1,0,0,2010
59,"Patrick, Ben",ARI,10,0.7,15,7,15,18,123,8.2,0,0,0,0,0,123,15,0,0,0,2010
60,"Thomas, Mike",JAX,10,10,1,1,4,4,41,10.3,1,1,9,0,0,50,5,1,0,0,2010
61,"Graham, Daniel",DEN,10,0.6,16,15,18,35,148,8.2,0,0,0,0,0,148,18,0,0,0,2010
62,"Royal, Robert",CLE,10,0.7,14,3,5,8,56,11.2,1,0,0,0,0,56,5,1,0,0,2010
63,"Kleinsasser, Jim",MIN,10,0.7,15,5,17,21,148,8.7,0,0,0,0,0,148,17,0,0,0,2010
64,"Martin, David",BUF,9,0.6,15,9,7,8,43,6.1,1,0,0,0,0,43,7,1,0,0,2010
65,"Stupar, Jonathan",BUF,8,0.5,16,3,12,13,111,9.3,0,0,0,0,0,111,12,0,0,0,2010
66,"Palmer, Michael",ATL,8,0.6,13,1,5,7,29,5.8,1,0,0,0,0,29,5,1,0,0,2010
67,"Morrah, Cameron",SEA,8,0.6,14,2,8,16,111,13.9,0,0,0,0,0,111,8,0,0,0,2010
68,"Heller, Will",DET,8,0.5,15,6,4,5,37,9.3,1,0,0,0,0,37,4,1,0,0,2010
69,"Casey, James",HOU,7,0.4,16,4,8,13,98,12.3,0,0,0,0,0,98,8,0,0,0,2010
70,"Parrish, Roscoe",BUF,7,7,1,1,4,8,66,16.5,0,1,13,0,0,79,5,0,0,0,2010
71,"Davis, Kellen",CHI,7,0.5,15,3,1,2,19,19,1,0,0,0,0,19,1,1,0,0,2010
72,"Robinson, Gijon",IND,6,0.5,11,2,3,7,12,4,1,0,0,0,0,12,3,1,0,0,2010
73,"Barnes, Khalif",OAK,6,3,2,2,1,1,2,2,1,0,0,0,0,2,1,1,0,0,2010
74,"Paulsen, Logan",WAS,6,0.6,10,0,2,2,10,5,1,0,0,0,0,10,2,1,0,0,2010
75,"Crabtree, Tom",GB,5,0.3,16,1,4,7,61,15.3,0,0,0,0,0,61,4,0,0,0,2010
76,"Myers, Brandon",OAK,5,0.4,14,2,11,15,80,7.3,0,0,0,0,0,80,11,0,0,0,2010
77,"Sperry, Kory",SD,4,0.7,6,0,2,2,52,26,0,0,0,0,0,52,2,0,0,0,2010
78,"Gronkowski, Dan",DEN,3,0.3,11,3,7,10,56,8,0,0,0,0,0,56,7,0,0,0,2010
79,"Purvis, Ryan",TB,3,0.3,10,2,5,6,38,7.6,0,0,0,0,0,38,5,0,0,0,2010
80,"Coffman, Chase",CIN,3,0.5,6,0,3,5,30,10,0,0,0,0,0,30,3,0,0,0,2010
81,"Dray, Jim",ARI,3,0.2,16,3,3,9,47,15.7,0,0,0,0,0,47,3,0,0,0,2010
82,"Stevens, Jerramy",TB,3,0.8,4,1,3,5,43,14.3,0,0,0,0,0,43,3,0,0,0,2010
83,"Caldwell, Andre",CIN,3,3,1,1,4,7,33,8.3,0,0,0,0,0,33,4,0,0,0,2010
84,"Potter, Zach",JAX,2,0.2,12,1,3,8,24,8,0,0,0,0,0,24,3,0,0,0,2010
85,"O'Connell, Jake",KC,2,0.1,15,2,3,4,31,10.3,0,0,0,0,0,31,3,0,0,0,2010
86,"Sellers, Mike",WAS,2,0.7,3,3,3,7,32,10.7,0,0,0,0,0,32,3,0,0,0,2010
87,"Mills, Garrett",PHI,1,0.1,7,3,2,3,19,9.5,0,0,0,0,0,19,2,0,0,0,2010
88,"Kelly, Reggie",CIN,1,0.1,15,13,10,12,42,4.2,0,0,0,0,0,42,10,0,0,0,2010
89,"Gage, Justin",TEN,1,1,1,1,3,9,18,6,0,0,0,0,0,18,3,0,0,0,2010
90,"Humphrey, Tory",NO,1,0.2,5,1,1,2,12,12,0,0,0,0,0,12,1,0,0,0,2010
91,"Fiammetta, Tony",CAR,1,0.5,2,2,1,3,2,2,0,1,11,0,0,13,2,0,0,0,2010
92,"Walker, Derek",SF,1,1,1,0,3,4,17,5.7,0,0,0,0,0,17,3,0,0,0,2010
93,"Nelson, Shawn",BUF,1,0.2,5,1,3,4,25,8.3,0,0,0,0,0,25,3,0,0,1,2010
94,"Pascoe, Bear",NYG,1,0.1,7,3,3,5,17,5.7,0,0,0,0,0,17,3,0,0,0,2010
95,"Onobun, Fendi",STL,1,0.5,2,0,2,4,15,7.5,0,0,0,0,0,15,2,0,0,0,2010
96,"Clark, Desmond",CHI,1,0.2,5,0,1,2,12,12,0,0,0,0,0,12,1,0,0,0,2010
97,"Dugan, Jeff",MIN,1,0.1,16,4,4,5,30,7.5,0,2,2,0,0,32,6,0,0,0,2010
98,"Spach, Stephen",ARI,1,0.1,14,10,7,17,40,5.7,0,0,0,0,0,40,7,0,0,0,2010
99,"Strief, Zach",NO,0,0,2,2,0,0,0,0,0,0,0,0,0,0,0,0,0,0,2010
100,"Otto, Mike",TEN,0,0,1,1,0,0,0,0,0,0,0,0,0,0,0,0,0,0,2010
101,"Cousins, Oniel",BAL,0,0,1,0,0,0,0,0,0,0,0,0,0,0,0,0,0,0,2010
102,"McCoy, Anthony",SEA,0,0,3,0,0,0,0,0,0,0,0,0,0,0,0,0,0,0,2010
103,"Pitta, Dennis",BAL,0,0,11,0,1,5,1,1,0,0,0,0,0,1,1,0,0,0,2010
104,"Byham, Nate",SF,0,0,14,3,5,7,27,5.4,0,0,0,0,0,27,5,0,0,0,2010
105,"McClendon, Jacques",IND,0,0,4,0,0,0,0,0,0,0,0,0,0,0,0,0,0,0,2010
106,"Ballard, Jake",NYG,0,0,1,0,0,0,0,0,0,0,0,0,0,0,0,0,0,0,2010
107,"Collins, Anthony",CIN,0,0,1,0,0,0,0,0,0,0,0,0,0,0,0,0,0,0,2010
108,"Andrews, Shawn",NYG,0,0,2,2,0,0,0,0,0,0,0,0,0,0,0,0,0,0,2010
109,"Foschi, J.P.",CIN,0,0,2,1,0,0,0,0,0,0,0,0,0,0,0,0,0,0,2010
110,"Havner, Spencer",GB,0,0,1,0,0,0,0,0,0,0,0,0,0,0,0,0,0,0,2010
111,"Chandler, Scott",DAL,0,0,13,1,1,3,8,8,0,0,0,0,0,8,1,0,0,0,2010
112,"Barnidge, Gary",CAR,0,0,15,2,0,9,0,0,0,0,0,0,0,0,0,0,0,0,2010
113,"Quinn, Richard",DEN,0,0,13,3,1,2,9,9,0,0,0,0,0,9,1,0,0,0,2010
114,"Dunlap, Carlos",CIN,0,0,1,0,0,0,0,0,0,0,0,0,0,0,0,0,0,0,2010
115,"Mastrud, Jeron",MIA,0,0,8,2,0,1,0,0,0,0,0,0,0,0,0,0,0,0,2010
116,"Cumberland, Jeff",NYJ,0,0,1,0,1,2,3,3,0,0,0,0,0,3,1,0,0,0,2010
117,"Collins, Anthony",CIN,0,0,1,0,0,0,0,0,0,0,0,0,0,0,0,0,0,0,2010
118,"Snow, Justin",IND,0,0,16,0,0,0,0,0,0,0,0,0,0,0,0,0,0,0,2010
119,"Norris, Moran",SF,0,0,1,1,0,0,0,0,0,0,0,0,0,0,0,0,0,0,2010
120,"Wilson, Kris",SD,0,0,11,4,5,8,36,7.2,0,0,0,0,0,36,5,0,0,1,2010
121,"Hadnot, Rex",ARI,0,0,1,1,0,0,0,0,0,0,0,0,0,0,0,0,0,0,2010
122,"Chester, Chris",BAL,0,0,1,1,0,0,0,0,0,0,0,0,0,0,0,0,0,0,2010
123,"Roland, Dennis",CIN,0,0,3,3,0,0,0,0,0,0,0,0,0,0,0,0,0,0,2010
124,"Moll, Tony",BAL,0,0,1,1,0,0,0,0,0,0,0,0,0,0,0,0,0,0,2010
125,"Coats, Daniel",CIN,0,0,10,0,0,2,0,0,0,0,0,0,0,0,0,0,0,0,2010
126,"Mulligan, Matthew",NYJ,0,0,13,1,0,1,0,0,0,0,0,0,0,0,0,0,0,0,2010
127,"Murtha, Lydon",MIA,0,0,1,1,0,0,0,0,0,0,0,0,0,0,0,0,0,0,2010
128,"Johnson, David",PIT,0,0,9,1,1,2,9,9,0,0,0,0,0,9,1,0,0,0,2010
129,"Lorig, Erik",TB,0,0,1,0,0,0,0,0,0,0,0,0,0,0,0,0,0,0,2010
130,"Baker, Chris",SEA,0,0,1,1,0,0,0,0,0,0,0,0,0,0,0,0,0,0,2010
131,"Spikes, Takeo",SF,0,0,1,1,0,0,0,0,0,0,0,0,0,0,0,0,0,0,2010
132,"Manumaleuna, Brandon",CHI,0,0,2,0,0,0,0,0,0,0,0,0,0,0,0,0,0,0,2010
133,"Hunter, Wayne",NYJ,0,0,1,1,0,0,0,0,0,0,0,0,0,0,0,0,0,0,2010
134,"Hartsock, Ben",NYJ,0,0,15,5,1,3,7,7,0,0,0,0,0,7,1,0,0,0,2010
135,"Terrill, Craig",SEA,0,0,1,0,0,0,0,0,0,0,0,0,0,0,0,0,0,0,2010
136,"Smith, Alex",CLE,0,0,3,1,1,1,6,6,0,0,0,0,0,6,1,0,0,0,2010
137,"Johnson, Darcy",STL,0,0,4,2,0,2,0,0,0,0,0,0,0,0,0,0,0,0,2010
138,"Koets, Adam",NYG,0,0,1,1,0,0,0,0,0,0,0,0,0,0,0,0,0,0,2010
139,"Schouman, Derek",STL,0,0,3,0,0,0,0,0,0,0,0,0,0,0,0,0,0,0,2010
140,"Collins, Anthony",CIN,0,0,1,0,0,0,0,0,0,0,0,0,0,0,0,0,0,0,2010
141,"Rucker, Martin",DAL,0,0,5,1,0,0,0,0,0,0,0,0,0,0,0,0,0,0,2010
142,"Banks, Gary",SD,0,0,1,1,1,1,2,2,0,0,0,0,0,2,1,0,0,0,2010
143,"Nalbone, John",MIA,0,0,2,0,0,0,0,0,0,0,0,0,0,0,0,0,0,0,2010
144,"Cloherty, Colin",SF,0,0,2,0,0,0,0,0,0,0,0,0,0,0,0,0,0,0,2010
145,"Graham, Garrett",HOU,0,0,6,0,0,0,0,0,0,0,0,0,0,0,0,0,0,0,2010
146,"Eldridge, Brody",IND,0,0,8,2,2,4,16,8,0,0,0,0,0,16,2,0,0,0,2010
147,"Shuler, Mickey",MIA,0,0,4,1,0,1,0,0,0,0,0,0,0,0,0,0,0,0,2010
148,"Lewko, Jake",TEN,0,0,1,1,0,0,0,0,0,0,0,0,0,0,0,0,0,0,2010
149,"Jennings, Brian",SF,0,0,14,0,0,0,0,0,0,0,0,0,0,0,0,0,0,0,2010
150,"Hochstein, Russ",DEN,0,0,1,1,0,0,0,0,0,0,0,0,0,0,0,0,0,0,2010
151,"Wilford, Ernest",JAX,0,0,2,0,1,2,3,3,0,0,0,0,0,3,1,0,0,0,2010
1,"Gronkowski, Rob",NE,233,14.6,16,16,90,124,1327,14.7,17,1,2,1,0,1329,91,18,0,0,2011
2,"Graham, Jimmy",NO,189,11.8,16,11,99,149,1310,13.2,11,0,0,0,0,1310,99,11,0,1,2011
3,"Gonzalez, Tony",ATL,123,7.7,16,16,80,116,875,10.9,7,0,0,0,0,875,80,7,0,0,2011
4,"Finley, Jermichael",GB,118,7.4,16,13,55,92,767,13.9,8,0,0,0,0,767,55,8,0,0,2011
5,"Witten, Jason",DAL,117,7.3,16,16,79,117,942,11.9,5,0,0,0,0,942,79,5,0,0,2011
6,"Gates, Antonio",SD,115,8.8,13,13,64,88,778,12.2,7,0,0,0,0,778,64,7,0,0,2011
7,"Davis, Vernon",SF,107,6.7,16,16,67,95,792,11.8,6,2,-5,0,0,787,69,6,0,1,2011
8,"Keller, Dustin",NYJ,106,6.6,16,13,65,115,815,12.5,5,0,0,0,0,815,65,5,0,1,2011
9,"Celek, Brent",PHI,105,6.6,16,16,62,97,811,13.1,5,0,0,0,0,811,62,5,0,0,2011
10,"Hernandez, Aaron",NE,104,8.7,12,11,68,98,772,11.4,5,5,45,0,0,817,73,5,0,1,2011
11,"Pettigrew, Brandon",DET,99,6.2,16,16,83,126,777,9.4,5,0,0,0,0,777,83,5,0,0,2011
12,"Gresham, Jermaine",CIN,89,6.4,14,13,56,92,596,10.6,6,0,0,0,0,596,56,6,0,1,2011
13,"Cook, Jared",TEN,87,5.4,16,5,49,81,759,15.5,3,0,0,0,0,759,49,3,0,2,2011
14,"Davis, Fred",WAS,86,7.8,11,11,55,82,762,13.9,3,0,0,0,0,762,55,3,0,1,2011
15,"Winslow, Kellen",TB,86,5.4,16,15,75,121,763,10.2,2,0,0,0,0,763,75,2,2,1,2011
16,"Olsen, Greg",CAR,81,5.4,15,12,45,88,540,12,5,0,0,0,0,540,45,5,1,1,2011
17,"Daniels, Owen",HOU,80,5.3,15,15,54,84,677,12.5,3,0,0,0,0,677,54,3,0,0,2011
18,"Ballard, Jake",NYG,78,5.6,14,13,38,61,604,15.9,4,0,0,0,0,604,38,4,0,0,2011
19,"Dickson, Ed",BAL,75,4.7,16,16,54,89,528,9.8,5,0,0,0,0,528,54,5,0,0,2011
20,"Chandler, Scott",BUF,70,5,14,9,38,46,389,10.2,6,0,0,0,0,389,38,6,0,1,2011
21,"Miller, Heath",PIT,69,4.3,16,16,51,74,631,12.4,2,1,6,0,0,637,52,2,0,1,2011
22,"Scheffler, Tony",DET,67,4.5,15,5,26,42,347,13.3,6,1,5,0,0,352,27,6,1,0,2011
23,"Shockey, Jeremy",CAR,65,4.3,15,13,37,62,455,12.3,4,0,0,0,0,455,37,4,0,1,2011
24,"Dreessen, Joel",HOU,65,4.1,16,10,28,39,353,12.6,6,0,0,0,0,353,28,6,0,0,2011
25,"Fasano, Anthony",MIA,63,4.5,14,14,30,52,443,14.8,4,0,0,0,0,443,30,4,0,0,2011
26,"Shiancoe, Visanthe",MIN,53,3.3,16,14,36,70,409,11.4,3,0,0,0,0,409,36,3,0,0,2011
27,"Pitta, Dennis",BAL,51,3.2,16,2,40,56,405,10.1,3,0,0,0,0,405,40,3,0,0,2011
28,"Moore, Evan",CLE,49,3.1,16,4,34,47,324,9.5,4,0,0,0,0,324,34,4,0,0,2011
29,"Boss, Kevin",OAK,49,3.5,14,11,28,40,368,13.1,3,0,0,0,0,368,28,3,0,0,2011
30,"Davis, Kellen",CHI,48,3,16,15,18,34,206,11.4,5,0,0,0,0,206,18,5,0,0,2011
31,"Watson, Benjamin",CLE,47,3.6,13,11,37,71,410,11.1,2,0,0,0,0,410,37,2,0,0,2011
32,"Clark, Dallas",IND,43,3.9,11,10,34,65,352,10.4,2,0,0,0,0,352,34,2,0,1,2011
33,"King, Jeff",ARI,40,2.5,16,10,27,34,271,10,3,0,0,0,0,271,27,3,0,0,2011
34,"Lewis, Marcedes",JAX,39,2.6,15,15,39,85,460,11.8,0,0,0,0,0,460,39,0,0,0,2011
35,"Fells, Daniel",DEN,38,2.4,16,15,19,31,256,13.5,3,0,0,0,0,256,19,3,0,1,2011
36,"Rudolph, Kyle",MIN,37,2.5,15,8,26,39,249,9.6,3,0,0,0,0,249,26,3,0,0,2011
37,"Walker, Delanie",SF,34,2.6,13,5,17,34,183,10.8,3,2,8,0,0,191,19,3,0,0,2011
38,"Heap, Todd",ARI,31,3.1,10,4,24,36,283,11.8,1,0,0,0,0,283,24,1,0,0,2011
39,"Kendricks, Lance",STL,29,1.9,15,10,28,58,352,12.6,0,1,-8,0,0,344,29,0,0,1,2011
40,"Pope, Leonard",KC,24,1.5,16,10,24,34,247,10.3,1,0,0,0,0,247,24,1,0,0,2011
41,"Tamme, Jacob",IND,21,1.3,16,5,19,31,177,9.3,1,0,0,0,0,177,19,1,0,0,2011
42,"McMichael, Randy",SD,20,1.3,15,13,28,41,258,9.2,0,0,0,0,0,258,28,0,0,0,2011
43,"Miller, Zach",SEA,18,1.2,15,15,25,44,233,9.3,0,0,0,0,0,233,25,0,0,0,2011
44,"Harbor, Clay",PHI,17,1.1,16,3,13,19,163,12.5,1,0,0,0,0,163,13,1,0,0,2011
45,"Beckum, Travis",NYG,14,1.1,13,0,5,10,93,18.6,1,0,0,0,0,93,5,1,0,0,2011
46,"Stevens, Craig",TEN,14,1,14,10,8,13,108,13.5,1,0,0,0,0,108,8,1,0,0,2011
47,"Spaeth, Matt",CHI,14,0.9,15,8,7,11,50,7.1,2,0,0,0,0,50,7,2,0,0,2011
48,"Smith, Alex",CLE,14,1,14,4,14,25,131,9.4,1,0,0,0,0,131,14,1,0,0,2011
49,"Myers, Brandon",OAK,12,0.8,16,7,16,27,151,9.4,0,0,0,0,0,151,16,0,0,0,2011
50,"McCoy, Anthony",SEA,12,0.8,16,8,13,23,146,11.2,0,0,0,0,0,146,13,0,0,0,2011
51,"Bennett, Martellus",DAL,10,0.7,14,7,17,26,144,8.5,0,0,0,0,0,144,17,0,0,0,2011
52,"Housler, Rob",ARI,10,0.8,12,2,12,26,133,11.1,0,0,0,0,0,133,12,0,0,1,2011
53,"Lee, Donald",CIN,9,1,9,4,11,13,115,10.5,0,0,0,0,0,115,11,0,0,0,2011
54,"Miller, Zach",JAX,9,2.3,4,0,4,7,42,10.5,1,0,0,0,0,42,4,1,0,0,2011
55,"Paulsen, Logan",WAS,9,0.6,16,5,11,19,138,12.5,0,0,0,0,0,138,11,0,0,0,2011
56,"Saunders, Weslye",PIT,8,0.6,14,5,3,7,27,9,1,0,0,0,0,27,3,1,0,0,2011
57,"Palmer, Michael",ATL,8,0.5,16,2,10,16,72,7.2,1,0,0,0,0,72,10,1,0,0,2011
58,"Graham, Daniel",TEN,8,0.5,16,7,2,5,25,12.5,1,0,0,0,0,25,2,1,0,0,2011
59,"Phillips, John",DAL,8,0.6,13,4,8,10,53,6.6,1,0,0,0,0,53,8,1,0,0,2011
60,"Cochart, Colin",CIN,8,0.8,10,3,5,9,44,8.8,1,0,0,0,0,44,5,1,0,0,2011
61,"Hoomanawanui, Michael",STL,7,1,7,6,7,12,83,11.9,0,0,0,0,0,83,7,0,0,0,2011
62,"Crabtree, Tom",GB,7,0.4,16,8,6,8,38,6.3,1,0,0,0,0,38,6,1,0,0,2011
63,"Bajema, Billy",STL,6,0.4,16,11,9,14,71,7.9,0,0,0,0,0,71,9,0,0,0,2011
64,"Taylor, Ryan",GB,6,0.4,15,0,1,1,4,4,1,0,0,0,0,4,1,1,0,0,2011
65,"Stocker, Luke",TB,6,0.4,14,9,12,17,92,7.7,0,0,0,0,0,92,12,0,0,0,2011
66,"Morrah, Cameron",SEA,6,0.8,8,3,6,13,74,12.3,0,1,1,0,0,75,7,0,0,0,2011
67,"Gilmore, John",NO,6,0.4,14,4,3,5,20,6.7,1,0,0,0,0,20,3,1,0,0,2011
68,"Cooley, Chris",WAS,6,1.2,5,5,8,13,65,8.1,0,2,3,0,0,68,10,0,0,0,2011
69,"Cloherty, Colin",JAX,5,1.3,4,1,4,8,57,14.3,0,0,0,0,0,57,4,0,0,0,2011
70,"Rosario, Dante",MIA,5,0.3,15,2,5,9,71,14.2,0,0,0,0,0,71,5,0,0,0,2011
71,"Potter, Zach",JAX,4,0.3,15,7,5,7,50,10,0,0,0,0,0,50,5,0,0,0,2011
72,"Mulligan, Matthew",NYJ,4,0.3,16,9,5,9,58,11.6,0,0,0,0,0,58,5,0,0,0,2011
73,"Pascoe, Bear",NYG,3,0.3,9,4,4,6,41,10.3,0,0,0,0,0,41,4,0,0,0,2011
74,"Sperry, Kory",SD,3,0.2,16,4,1,5,32,32,0,0,0,0,0,32,1,0,0,0,2011
75,"Cumberland, Jeff",NYJ,3,1,3,0,2,5,35,17.5,0,0,0,0,0,35,2,0,0,0,2011
76,"O'Connell, Jake",KC,3,0.4,8,4,7,12,52,7.4,0,0,0,0,0,52,7,0,0,0,2011
77,"Brock, Kevin",BUF,2,1,2,0,2,2,27,13.5,0,0,0,0,0,27,2,0,0,0,2011
78,"Caussin, Mike",BUF,2,0.3,6,2,5,6,41,8.2,0,0,0,0,0,41,5,0,0,0,2011
79,"Brock, Kevin",BUF,2,2,1,0,1,1,21,21,0,0,0,0,0,21,1,0,0,0,2011
80,"Brock, Kevin",BUF,2,2,1,0,1,1,21,21,0,0,0,0,0,21,1,0,0,0,2011
81,"Heller, Will",DET,2,0.1,16,7,6,12,42,7,0,0,0,0,0,42,6,0,0,0,2011
82,"Graham, Garrett",HOU,2,0.3,7,0,1,2,24,24,0,0,0,0,0,24,1,0,0,0,2011
83,"Quarless, Andrew",GB,2,0.2,10,2,3,4,36,12,0,0,0,0,0,36,3,0,0,0,2011
84,"Pianalto, Zack",TB,2,0.2,13,0,4,5,40,10,0,0,0,0,0,40,4,0,0,0,2011
85,"Brock, Kevin",BUF,2,2,1,0,1,1,21,21,0,0,0,0,0,21,1,0,0,0,2011
86,"Dray, Jim",ARI,2,0.2,10,0,2,5,25,12.5,0,0,0,0,0,25,2,0,0,0,2011
87,"Brock, Kevin",BUF,2,2,1,0,1,1,21,21,0,0,0,0,0,21,1,0,0,0,2011
88,"Becht, Anthony",KC,2,0.2,9,5,3,4,26,8.7,0,0,0,0,0,26,3,0,0,0,2011
89,"Hester, Jacob",SD,1,1,1,1,3,4,13,4.3,0,0,0,0,0,13,3,0,0,0,2011
90,"Smith, Lee",BUF,1,0.1,10,3,4,4,11,2.8,0,0,0,0,0,11,4,0,0,0,2011
91,"Ausberry, David",OAK,1,0.1,12,0,2,2,14,7,0,1,-2,0,0,12,3,0,0,0,2011
92,"Clay, Charles",MIA,1,1,1,1,1,1,16,16,0,0,0,0,0,16,1,0,0,0,2011
93,"Peelle, Justin",SF,1,0.1,13,1,1,4,19,19,0,0,0,0,0,19,1,0,0,0,2011
94,"Eldridge, Brody",IND,1,0.1,13,8,9,10,45,5,0,0,0,0,0,45,9,0,0,0,2011
95,"Cameron, Jordan",CLE,1,0.1,8,2,6,13,33,5.5,0,0,0,0,0,33,6,0,0,0,2011
96,"Clark, Chris",DEN,0,0,6,6,0,0,0,0,0,0,0,0,0,0,0,0,0,0,2011
97,"Mastrud, Jeron",MIA,0,0,12,1,1,2,8,8,0,0,0,0,0,8,1,0,0,0,2011
98,"Maneri, Steve",KC,0,0,1,1,0,1,0,0,0,0,0,0,0,0,0,0,0,0,2011
99,"Green, Virgil",DEN,0,0,15,3,3,5,24,8,0,0,0,0,0,24,3,0,0,0,2011
100,"Adams, Kyle",CHI,0,0,8,0,0,0,0,0,0,0,0,0,0,0,0,0,0,0,2011
101,"Higgins, Michael",NO,0,0,2,0,1,1,4,4,0,0,0,0,0,4,1,0,0,0,2011
102,"Ausberry, David",OAK,0,0,1,0,0,0,0,0,0,0,0,0,0,0,0,0,0,0,2011
103,"Franklin, Collin",TB,0,0,1,0,0,2,0,0,0,0,0,0,0,0,0,0,0,0,2011
104,"Kleinsasser, Jim",MIN,0,0,16,11,1,6,4,4,0,0,0,0,0,4,1,0,0,0,2011
105,"Jennings, Brian",SF,0,0,16,0,0,0,0,0,0,0,0,0,0,0,0,0,0,0,2011
106,"Sellers, Mike",WAS,0,0,3,0,0,1,0,0,0,0,0,0,0,0,0,0,0,0,2011
107,"Thomas, David",NO,0,0,5,2,5,9,16,3.2,0,0,0,0,0,16,5,0,0,0,2011
108,"Ugoh, Tony",NYG,0,0,1,1,0,0,0,0,0,0,0,0,0,0,0,0,0,0,2011
109,"Rucker, Martin",DAL,0,0,2,0,0,1,0,0,0,0,0,0,0,0,0,0,0,0,2011
110,"Quinn, Richard",WAS,0,0,1,0,0,0,0,0,0,0,0,0,0,0,0,0,0,0,2011
111,"Gronkowski, Dan",NE,0,0,7,1,0,0,0,0,0,0,0,0,0,0,0,0,0,0,2011
112,"Welch, Thomas",NE,0,0,1,1,0,0,0,0,0,0,0,0,0,0,0,0,0,0,2011
113,"McNeill, Mike",IND,0,0,4,0,0,0,0,0,0,0,0,0,0,0,0,0,0,0,2011
114,"Thomas, Julius",DEN,0,0,5,1,1,7,5,5,0,0,0,0,0,5,1,0,0,0,2011
115,"Reisner, Allen",MIN,0,0,6,0,1,1,5,5,0,0,0,0,0,5,1,0,0,0,2011
116,"Adams, Kris",CHI,0,0,1,0,0,0,0,0,0,0,0,0,0,0,0,0,0,0,2011
117,"Adams, Kyle",CHI,0,0,1,0,0,0,0,0,0,0,0,0,0,0,0,0,0,0,2011
118,"Franklin, Collin",TB,0,0,1,0,0,0,0,0,0,0,0,0,0,0,0,0,0,0,2011
119,"Schlauderaff, Caleb",NYJ,0,0,1,1,0,0,0,0,0,0,0,0,0,0,0,0,0,0,2011
120,"Brock, Kevin",BUF,0,0,1,0,1,1,6,6,0,0,0,0,0,6,1,0,0,0,2011
121,"Martin, David",BUF,0,0,3,0,0,0,0,0,0,0,0,0,0,0,0,0,0,0,2011
122,"Wilson, Kris",BAL,0,0,15,0,0,0,0,0,0,0,0,0,0,0,0,0,0,0,2011
123,"Stewart, David",TEN,0,0,1,1,0,0,0,0,0,0,0,0,0,0,0,0,0,0,2011
124,"Dotson, Demar",TB,0,0,2,2,0,0,0,0,0,0,0,0,0,0,0,0,0,0,2011
125,"Solder, Nate",NE,0,0,2,2,0,0,0,0,0,0,0,0,0,0,0,0,0,0,2011
126,"Yeatman, Will",MIA,0,0,2,1,0,1,0,0,0,0,0,0,0,0,0,0,0,0,2011
127,"Stocker, Luke",TB,0,0,1,1,0,1,0,0,0,0,0,0,0,0,0,0,0,0,2011
128,"Ausberry, David",OAK,0,0,1,0,0,0,0,0,0,0,0,0,0,0,0,0,0,0,2011
129,"Brock, Kevin",BUF,0,0,1,0,1,1,6,6,0,0,0,0,0,6,1,0,0,0,2011
130,"Snow, Justin",IND,0,0,15,0,0,0,0,0,0,0,0,0,0,0,0,0,0,0,2011
131,"Hartsock, Ben",CAR,0,0,15,2,0,0,0,0,0,0,0,0,0,0,0,0,0,0,2011
132,"McCoy, Matt",SEA,0,0,1,0,0,1,0,0,0,0,0,0,0,0,0,0,0,0,2011
133,"Byrd, Dominique",SEA,0,0,3,0,0,0,0,0,0,0,0,0,0,0,0,0,0,0,2011
134,"Roland, Dennis",CIN,0,0,3,3,0,0,0,0,0,0,0,0,0,0,0,0,0,0,2011
135,"Cox, Mike",ATL,0,0,2,2,0,0,0,0,0,0,0,0,0,0,0,0,0,0,2011
136,"Hill, Anthony",IND,0,0,7,2,2,3,10,5,0,0,0,0,0,10,2,0,0,0,2011
137,"Myers, Rob",WAS,0,0,1,0,0,0,0,0,0,0,0,0,0,0,0,0,0,0,2011
138,"Ducasse, Vladimir",NYJ,0,0,1,1,0,0,0,0,0,0,0,0,0,0,0,0,0,0,2011
139,"Onobun, Fendi",JAX,0,0,1,0,0,1,0,0,0,0,0,0,0,0,0,0,0,0,2011
140,"Brockel, Richie",CAR,0,0,9,0,2,2,9,4.5,0,2,5,0,0,14,4,0,0,0,2011
141,"Williams, D.J.",GB,0,0,12,0,2,4,13,6.5,0,0,0,0,0,13,2,0,0,0,2011
142,"Gordon, Richard",OAK,0,0,12,0,0,0,0,0,0,0,0,0,0,0,0,0,0,0,2011
143,"Schlauderaff, Caleb",NYJ,0,0,1,1,0,0,0,0,0,0,0,0,0,0,0,0,0,0,2011
144,"Franklin, Collin",TB,0,0,2,0,0,2,0,0,0,0,0,0,0,0,0,0,0,0,2011
145,"Reisner, Allen",MIN,0,0,1,0,0,0,0,0,0,0,0,0,0,0,0,0,0,0,2011
146,"Schlauderaff, Caleb",NYJ,0,0,1,1,0,0,0,0,0,0,0,0,0,0,0,0,0,0,2011
147,"Brock, Kevin",BUF,0,0,1,0,1,1,6,6,0,0,0,0,0,6,1,0,0,0,2011
148,"Kelly, Reggie",ATL,0,0,16,2,1,2,7,7,0,0,0,0,0,7,1,0,0,0,2011
149,"Andrews, Stacy",NYG,0,0,1,1,0,0,0,0,0,0,0,0,0,0,0,0,0,0,2011
150,"Spach, Stephen",STL,0,0,10,1,2,3,2,1,0,0,0,0,0,2,2,0,0,0,2011
1,"Graham, Jimmy",NO,144,9.6,15,9,85,135,982,11.6,9,0,0,0,0,982,85,9,0,0,2012
2,"Gronkowski, Rob",NE,141,12.8,11,11,55,79,790,14.4,11,0,0,0,0,790,55,11,0,1,2012
3,"Gonzalez, Tony",ATL,135,8.4,16,16,93,124,930,10,8,0,0,0,0,930,93,8,0,0,2012
4,"Miller, Heath",PIT,125,8.3,15,15,71,101,816,11.5,8,0,0,0,0,816,71,8,1,0,2012
5,"Witten, Jason",DAL,115,7.2,16,16,110,147,1039,9.4,3,0,0,0,0,1039,110,3,0,0,2012
6,"Olsen, Greg",CAR,107,6.7,16,16,69,104,843,12.2,5,0,0,0,0,843,69,5,0,0,2012
7,"Pitta, Dennis",BAL,103,6.4,16,5,61,94,669,11,7,0,0,0,0,669,61,7,0,0,2012
8,"Daniels, Owen",HOU,100,6.7,15,14,62,104,716,11.5,6,0,0,0,0,716,62,6,0,0,2012
9,"Rudolph, Kyle",MIN,99,6.2,16,16,53,93,493,9.3,9,0,0,0,0,493,53,9,1,0,2012
10,"Myers, Brandon",OAK,97,6.1,16,16,79,105,806,10.2,4,0,0,0,0,806,79,4,0,0,2012
11,"Gresham, Jermaine",CIN,96,6,16,15,64,94,737,11.5,5,0,0,0,0,737,64,5,0,1,2012
12,"Gates, Antonio",SD,89,5.9,15,15,49,80,538,11,7,0,0,0,0,538,49,7,0,0,2012
13,"Chandler, Scott",BUF,88,5.9,15,13,43,74,571,13.3,6,0,0,0,0,571,43,6,0,1,2012
14,"Bennett, Martellus",NYG,86,5.4,16,16,55,90,626,11.4,5,0,0,0,0,626,55,5,0,0,2012
15,"Davis, Vernon",SF,79,4.9,16,16,41,61,548,13.4,5,0,0,0,0,548,41,5,0,0,2012
16,"Finley, Jermichael",GB,74,4.6,16,14,61,86,667,10.9,2,0,0,0,0,667,61,2,0,1,2012
17,"Hernandez, Aaron",NE,74,7.4,10,10,51,83,483,9.5,5,1,5,0,0,488,52,5,0,0,2012
18,"Lewis, Marcedes",JAX,72,4.5,16,15,52,77,540,10.4,4,0,0,0,0,540,52,4,0,0,2012
19,"Cook, Jared",TEN,70,5.4,13,5,44,72,523,11.9,4,0,0,0,0,523,44,4,0,1,2012
20,"Pettigrew, Brandon",DET,69,4.9,14,11,59,102,567,9.6,3,0,0,0,0,567,59,3,0,2,2012
21,"Kendricks, Lance",STL,67,4.5,15,13,39,60,486,12.5,4,0,0,0,0,486,39,4,1,0,2012
22,"Celek, Brent",PHI,67,4.5,15,14,57,88,684,12,1,0,0,0,0,684,57,1,0,1,2012
23,"Clark, Dallas",TB,63,3.9,16,7,47,75,435,9.3,4,0,0,0,0,435,47,4,0,0,2012
24,"Watson, Benjamin",CLE,61,3.8,16,14,49,82,501,10.2,3,0,0,0,0,501,49,3,0,0,2012
25,"Tamme, Jacob",DEN,60,3.8,16,8,52,85,555,10.7,2,0,0,0,0,555,52,2,0,0,2012
26,"Dreessen, Joel",DEN,59,3.7,16,15,41,58,356,8.7,5,0,0,0,0,356,41,5,0,0,2012
27,"Fasano, Anthony",MIA,57,3.6,16,16,41,69,332,8.1,5,0,0,0,0,332,41,5,1,0,2012
28,"Scheffler, Tony",DET,51,3.4,15,4,42,85,504,12,1,0,0,0,0,504,42,1,0,0,2012
29,"Miller, Zach",SEA,49,3.1,16,15,38,53,396,10.4,3,0,0,0,0,396,38,3,0,1,2012
30,"Cumberland, Jeff",NYJ,48,3.4,14,11,29,52,359,12.4,3,0,0,0,0,359,29,3,0,0,2012
31,"Walker, Delanie",SF,47,2.9,16,4,21,39,344,16.4,3,0,0,0,0,344,21,3,0,1,2012
32,"Moeaki, Tony",KC,44,3.1,14,13,32,54,435,13.6,1,0,0,0,0,435,32,1,0,0,2012
33,"McCoy, Anthony",SEA,43,2.7,16,5,18,28,291,16.2,3,0,0,0,0,291,18,3,0,0,2012
34,"Keller, Dustin",NYJ,39,4.9,8,5,28,36,317,11.3,2,0,0,0,0,317,28,2,0,0,2012
35,"Allen, Dwayne",IND,38,3.2,12,11,33,53,376,11.4,1,1,2,0,0,378,34,1,0,0,2012
36,"Graham, Garrett",HOU,38,2.9,13,7,25,34,246,9.8,3,0,0,0,0,246,25,3,0,0,2012
37,"Crabtree, Tom",GB,36,2.6,14,6,8,12,203,25.4,3,0,0,0,0,203,8,3,0,0,2012
38,"Housler, Rob",ARI,36,2.4,15,9,45,68,417,9.3,0,0,0,0,0,417,45,0,0,0,2012
39,"Fleener, Coby",IND,36,3,12,10,26,48,281,10.8,2,0,0,0,0,281,26,2,0,0,2012
40,"Paulsen, Logan",WAS,31,1.9,16,10,25,38,308,12.3,1,0,0,0,0,308,25,1,0,0,2012
41,"Davis, Kellen",CHI,31,1.9,16,15,19,44,229,12.1,2,0,0,0,0,229,19,2,0,1,2012
42,"Davis, Fred",WAS,30,4.3,7,7,24,31,325,13.5,0,1,1,0,0,326,25,0,0,0,2012
43,"Harbor, Clay",PHI,26,2,13,8,24,38,178,7.4,2,0,0,0,0,178,24,2,0,1,2012
44,"Cameron, Jordan",CLE,25,1.9,13,5,19,39,222,11.7,1,0,0,0,0,222,19,1,0,0,2012
45,"Rosario, Dante",SD,25,1.9,13,2,10,18,95,9.5,3,0,0,0,0,95,10,3,0,1,2012
46,"Stevens, Craig",TEN,21,1.6,13,13,20,28,215,10.8,1,0,0,0,0,215,20,1,0,0,2012
47,"Paul, Niles",WAS,19,1.4,14,2,8,14,152,19,1,1,-1,0,0,151,9,1,0,0,2012
48,"Stocker, Luke",TB,19,1.2,16,11,16,27,165,10.3,1,0,0,0,0,165,16,1,0,0,2012
49,"Dickson, Ed",BAL,17,1.3,13,11,21,33,225,10.7,0,0,0,0,0,225,21,0,0,0,2012
50,"Clay, Charles",MIA,17,8.5,2,1,9,11,119,13.2,1,0,0,0,0,119,9,1,0,0,2012
51,"Heller, Will",DET,16,1,16,5,17,23,150,8.8,1,0,0,0,0,150,17,1,0,0,2012
52,"Thomas, David",NO,16,1.2,13,5,8,14,62,7.8,2,0,0,0,0,62,8,2,0,0,2012
53,"Morris, Alfred",WAS,13,13,1,1,0,1,0,0,0,17,78,1,0,78,17,1,0,0,2012
54,"Pope, Leonard",PIT,12,0.8,16,2,3,4,9,3,2,0,0,0,0,9,3,2,0,0,2012
55,"Mulligan, Matthew",STL,12,0.8,16,9,8,12,84,10.5,1,0,0,0,0,84,8,1,0,0,2012
56,"Barnidge, Gary",CAR,11,0.7,15,4,6,6,78,13,1,0,0,0,0,78,6,1,0,0,2012
57,"Boss, Kevin",KC,11,5.5,2,2,3,3,65,21.7,1,0,0,0,0,65,3,1,0,0,2012
58,"Phillips, John",DAL,9,0.6,16,9,8,10,55,6.9,1,0,0,0,0,55,8,1,0,0,2012
59,"Hoomanawanui, Michael",NE,9,0.7,13,5,4,6,105,26.3,0,0,0,0,0,105,4,0,0,0,2012
60,"King, Jeff",ARI,9,0.6,16,12,17,29,129,7.6,0,0,0,0,0,129,17,0,0,0,2012
61,"Heap, Todd",ARI,9,3,3,1,8,13,94,11.8,0,0,0,0,0,94,8,0,0,0,2012
62,"Underwood, Tiquan",TB,7,7,1,0,5,9,77,15.4,0,0,0,0,0,77,5,0,0,0,2012
63,"Ausberry, David",OAK,7,0.5,15,0,7,12,92,13.1,0,0,0,0,0,92,7,0,0,0,2012
64,"Charles, Orson",CIN,7,0.4,16,6,8,10,101,12.6,0,0,0,0,0,101,8,0,0,0,2012
65,"Byham, Nate",TB,7,0.6,11,2,3,4,18,6,1,0,0,0,0,18,3,1,0,0,2012
66,"Hanna, James",DAL,7,0.4,16,2,8,11,86,10.8,0,0,0,0,0,86,8,0,0,0,2012
67,"Spaeth, Matt",CHI,7,0.4,16,8,6,10,28,4.7,1,0,0,0,0,28,6,1,0,0,2012
68,"Palmer, Michael",ATL,6,0.5,12,1,5,5,16,3.2,1,0,0,0,0,16,5,1,0,0,2012
69,"Young, Darrel",WAS,6,6,1,1,1,1,6,6,1,0,0,0,0,6,1,1,0,0,2012
70,"Smith, Lee",BUF,6,0.4,14,6,3,3,12,4,1,0,0,0,0,12,3,1,0,0,2012
71,"Fells, Daniel",NE,6,0.5,12,3,4,10,85,21.3,0,0,0,0,0,85,4,0,0,0,2012
72,"Gordon, Richard",OAK,6,0.5,12,0,2,3,9,4.5,1,0,0,0,0,9,2,1,0,0,2012
73,"Spurlock, Michael",SD,6,6,1,0,7,7,64,9.1,0,0,0,0,0,64,7,0,0,0,2012
74,"Pascoe, Bear",NYG,6,0.4,14,2,3,8,19,6.3,1,0,0,0,0,19,3,1,0,0,2012
75,"Green, Virgil",DEN,5,0.5,11,2,5,6,63,12.6,0,0,0,0,0,63,5,0,0,0,2012
76,"Maneri, Steve",KC,5,0.4,12,7,5,12,55,11,0,0,0,0,0,55,5,0,0,0,2012
77,"Williams, D.J.",GB,5,0.4,13,2,7,15,57,8.1,0,0,0,0,0,57,7,0,0,0,2012
78,"Reuland, Konrad",NYJ,5,0.3,15,3,11,16,83,7.5,0,0,0,0,0,83,11,0,0,0,2012
79,"Celek, Garrett",SF,4,0.3,13,0,4,7,51,12.8,0,0,0,0,0,51,4,0,0,0,2012
80,"Casey, James",HOU,4,4,1,1,3,3,49,16.3,0,0,0,0,0,49,3,0,0,0,2012
81,"Nelson, David",BUF,3,3,1,1,2,5,31,15.5,0,0,0,0,0,31,2,0,0,0,2012
82,"McMichael, Randy",SD,3,0.2,14,8,9,13,51,5.7,0,0,0,0,0,51,9,0,0,0,2012
83,"Smith, Alex",CLE,3,0.3,10,0,11,14,44,4,0,0,0,0,0,44,11,0,0,0,2012
84,"Green, Ladarius",SD,2,1,2,1,3,3,25,8.3,0,0,0,0,0,25,3,0,0,0,2012
85,"Hartsock, Ben",CAR,2,0.1,14,4,2,3,30,15,0,0,0,0,0,30,2,0,0,0,2012
86,"McNeill, Mike",STL,2,0.1,14,1,4,7,31,7.8,0,0,0,0,0,31,4,0,0,0,2012
87,"Harkey, Cory",STL,2,0.4,5,0,1,2,21,21,0,0,0,0,0,21,1,0,0,0,2012
88,"Doucet, Early",ARI,2,2,1,1,3,7,29,9.7,0,0,0,0,0,29,3,0,0,0,2012
89,"Coffman, Chase",ATL,1,0.2,5,0,1,1,12,12,0,0,0,0,0,12,1,0,0,0,2012
90,"O'Connell, Jake",KC,1,0.1,8,0,3,3,18,6,0,0,0,0,0,18,3,0,0,0,2012
91,"Dray, Jim",ARI,1,0.1,13,0,2,2,15,7.5,0,0,0,0,0,15,2,0,0,0,2012
92,"Saunders, Weslye",IND,1,0.1,11,4,2,4,15,7.5,0,0,0,0,0,15,2,0,0,0,2012
93,"Adams, Kyle",CHI,1,0.1,13,0,4,8,40,10,0,0,0,0,0,40,4,0,0,0,2012
94,"Paulson, David",PIT,1,0.1,16,5,7,11,51,7.3,0,0,0,0,0,51,7,0,0,0,2012
95,"Rodriguez, Evan",CHI,1,0.5,2,2,1,2,11,11,0,0,0,0,0,11,1,0,0,0,2012
96,"Carlson, John",MIN,1,0.1,13,5,5,11,26,5.2,0,0,0,0,0,26,5,0,0,0,2012
97,"Reisner, Allen",MIN,1,0.3,4,0,1,2,13,13,0,0,0,0,0,13,1,0,0,0,2012
98,"Smith, Hayden",NYJ,1,0.2,5,0,1,1,16,16,0,0,0,0,0,16,1,0,0,0,2012
99,"Winslow, Kellen",NE,1,1,1,0,1,2,12,12,0,0,0,0,0,12,1,0,0,0,2012
100,"Thompson, Taylor",TEN,1,0.1,16,4,6,13,46,7.7,0,0,0,0,0,46,6,0,0,0,2012
101,"Tebow, Tim",NYJ,1,1,1,1,0,0,0,0,0,5,11,0,0,11,5,0,0,0,2012
102,"Taylor, Ryan",GB,1,0.1,16,1,1,1,11,11,0,0,0,0,0,11,1,0,0,0,2012
103,"Mastrud, Jeron",MIA,0,0,14,1,0,0,0,0,0,0,0,0,0,0,0,0,0,0,2012
104,"Reiff, Riley",DET,0,0,7,7,0,0,0,0,0,0,0,0,0,0,0,0,0,0,2012
105,"Stephenson, Donald",KC,0,0,1,1,0,0,0,0,0,0,0,0,0,0,0,0,0,0,2012
106,"Noble, Danny",TB,0,0,4,0,0,0,0,0,0,0,0,0,0,0,0,0,0,0,2012
107,"Whimper, Guy",JAX,0,0,2,2,0,0,0,0,0,0,0,0,0,0,0,0,0,0,2012
108,"Stanback, Isaiah",JAX,0,0,2,0,1,1,6,6,0,0,0,0,0,6,1,0,0,0,2012
109,"Moore, Evan",SEA,0,0,15,1,1,8,6,6,0,0,0,0,0,6,1,0,0,0,2012
110,"Beatty, William",NYG,0,0,1,1,0,0,0,0,0,0,0,0,0,0,0,0,0,0,2012
111,"Beckum, Travis",NYG,0,0,4,0,0,1,0,0,0,0,0,0,0,0,0,0,0,0,2012
112,"Sperry, Kory",ARI,0,0,1,0,0,0,0,0,0,0,0,0,0,0,0,0,0,0,2012
113,"Johnson, Mike",ATL,0,0,1,1,0,0,0,0,0,0,0,0,0,0,0,0,0,0,2012
114,"Epps, Dedrick",NYJ,0,0,3,0,1,1,9,9,0,0,0,0,0,9,1,0,0,1,2012
115,"McCoy, Jamie",PIT,0,0,1,0,0,0,0,0,0,0,0,0,0,0,0,0,0,0,2012
116,"Thomas, Julius",DEN,0,0,4,0,0,0,0,0,0,0,0,0,0,0,0,0,0,0,2012
117,"Dobbs, Demarcus",SF,0,0,11,0,0,0,0,0,0,0,0,0,0,0,0,0,0,0,2012
118,"Miller, Kyle",IND,0,0,1,0,0,0,0,0,0,0,0,0,0,0,0,0,0,0,2012
119,"Robinson, Adrien",NYG,0,0,2,0,0,0,0,0,0,0,0,0,0,0,0,0,0,0,2012
120,"Igwenagu, Emil",PHI,0,0,2,0,0,0,0,0,0,0,0,0,0,0,0,0,0,0,2012
121,"Graham, Daniel",NO,0,0,6,0,0,0,0,0,0,0,0,0,0,0,0,0,0,0,2012
122,"Locklear, Sean",NYG,0,0,1,1,0,0,0,0,0,0,0,0,0,0,0,0,0,0,2012
123,"Bajema, Billy",BAL,0,0,8,1,0,1,0,0,0,0,0,0,0,0,0,0,0,0,2012
124,"Potter, Zach",JAX,0,0,16,4,2,7,6,3,0,0,0,0,0,6,2,0,0,0,2012
125,"Brown, Charles",NO,0,0,1,1,0,0,0,0,0,0,0,0,0,0,0,0,0,0,2012
126,"Gallarda, Tommy",ATL,0,0,9,0,1,4,7,7,0,0,0,0,0,7,1,0,0,0,2012
127,"Higgins, Michael",NO,0,0,2,1,1,1,-3,-3,0,0,0,0,0,-3,1,0,0,0,2012
128,"McGrath, Sean",SEA,0,0,2,0,0,0,0,0,0,0,0,0,0,0,0,0,0,0,2012
129,"Smelley, Brad",CLE,0,0,2,0,1,1,3,3,0,0,0,0,0,3,1,0,0,0,2012
130,"Jennings, Brian",SF,0,0,16,0,0,0,0,0,0,0,0,0,0,0,0,0,0,0,2012
131,"Shiancoe, Visanthe",NE,0,0,4,0,0,1,0,0,0,0,0,0,0,0,0,0,0,0,2012
132,"Cooley, Chris",WAS,0,0,7,0,1,1,8,8,0,0,0,0,0,8,1,0,0,0,2012
133,"Spach, Stephen",JAX,0,0,1,0,0,0,0,0,0,0,0,0,0,0,0,0,0,0,2012
134,"Hills, Tony",IND,0,0,1,1,0,0,0,0,0,0,0,0,0,0,0,0,0,0,2012
135,"Olsen, Eric",NO,0,0,4,4,0,0,0,0,0,0,0,0,0,0,0,0,0,0,2012
136,"Brockel, Richie",CAR,0,0,15,0,0,1,0,0,0,0,0,0,0,0,0,0,0,0,2012
137,"Miller, Lamar",MIA,0,0,1,0,0,0,0,0,0,0,0,0,0,0,0,0,0,0,2012
138,"Egnew, Michael",MIA,0,0,2,0,0,0,0,0,0,0,0,0,0,0,0,0,0,0,2012
139,"Ellison, Rhett",MIN,0,0,2,2,1,1,-2,-2,0,0,0,0,0,-2,1,0,0,0,2012
140,"Barden, Brandon",TEN,0,0,3,0,0,0,0,0,0,0,0,0,0,0,0,0,0,0,2012
141,"Jones, Dominique",IND,0,0,3,0,0,0,0,0,0,0,0,0,0,0,0,0,0,0,2012
142,"Stovall, Maurice",JAX,0,0,9,0,0,0,0,0,0,0,0,0,0,0,0,0,0,0,2012
143,"Scott, Jonathan",CHI,0,0,1,1,0,0,0,0,0,0,0,0,0,0,0,0,0,0,2012
144,"Roland, Dennis",CIN,0,0,2,2,0,0,0,0,0,0,0,0,0,0,0,0,0,0,2012
1,"Graham, Jimmy",NO,211,13.2,16,11,86,142,1215,14.1,16,0,0,0,0,1215,86,16,0,0,2013
2,"Davis, Vernon",SF,158,10.5,15,15,52,84,850,16.3,13,0,0,0,0,850,52,13,0,1,2013
3,"Thomas, Julius",DEN,144,10.3,14,14,65,90,788,12.1,12,0,0,0,0,788,65,12,0,0,2013
4,"Gonzalez, Tony",ATL,128,8,16,16,83,121,859,10.3,8,0,0,0,0,859,83,8,1,0,2013
5,"Witten, Jason",DAL,127,7.9,16,16,73,111,851,11.7,8,0,0,0,0,851,73,8,0,0,2013
6,"Cameron, Jordan",CLE,127,8.5,15,14,80,118,917,11.5,7,0,0,0,0,917,80,7,0,0,2013
7,"Olsen, Greg",CAR,110,6.9,16,16,73,111,816,11.2,6,0,0,0,0,816,73,6,0,0,2013
8,"Clay, Charles",MIA,107,7.1,15,15,68,97,752,11.1,5,7,15,1,0,767,75,6,0,0,2013
9,"Gates, Antonio",SD,106,6.6,16,15,77,113,872,11.3,4,0,0,0,0,872,77,4,0,2,2013
10,"Bennett, Martellus",CHI,97,6.1,16,15,65,94,759,11.7,5,0,0,0,0,759,65,5,0,1,2013
11,"Cook, Jared",STL,90,5.6,16,13,51,85,671,13.2,5,0,0,0,0,671,51,5,0,1,2013
12,"Walker, Delanie",TEN,87,5.8,15,11,60,86,571,9.5,6,0,0,0,0,571,60,6,0,0,2013
13,"Fleener, Coby",IND,81,5.1,16,12,52,85,608,11.7,4,0,0,0,0,608,52,4,2,0,2013
14,"Gronkowski, Rob",NE,80,11.4,7,6,39,66,592,15.2,4,0,0,0,0,592,39,4,0,0,2013
15,"Wright, Timothy",TB,80,5,16,8,54,76,571,10.6,5,1,2,0,0,573,55,5,0,0,2013
16,"Graham, Garrett",HOU,78,6,13,11,49,89,545,11.1,5,0,0,0,0,545,49,5,0,1,2013
17,"Celek, Brent",PHI,77,4.8,16,15,32,51,502,15.7,6,0,0,0,0,502,32,6,0,1,2013
18,"Chandler, Scott",BUF,70,4.4,16,7,53,81,655,12.4,2,0,0,0,0,655,53,2,0,1,2013
19,"Myers, Brandon",NYG,70,4.4,16,14,47,76,522,11.1,4,0,0,0,0,522,47,4,0,0,2013
20,"Reed, Jordan",WAS,65,7.2,9,4,45,59,499,11.1,3,1,18,0,0,517,46,3,0,0,2013
21,"Ertz, Zach",PHI,64,4,16,2,36,56,469,13,4,0,0,0,0,469,36,4,0,0,2013
22,"Gresham, Jermaine",CIN,64,4.6,14,14,46,66,461,10,4,0,0,0,0,461,46,4,0,3,2013
23,"Miller, Zach",SEA,63,4.5,14,11,33,56,387,11.7,5,0,0,0,0,387,33,5,0,0,2013
24,"Fauria, Joseph",DET,61,4.1,15,2,18,30,207,11.5,7,0,0,0,0,207,18,7,1,0,2013
25,"Cumberland, Jeff",NYJ,58,3.9,15,12,26,40,398,15.3,4,0,0,0,0,398,26,4,0,0,2013
26,"Miller, Heath",PIT,58,4.1,14,14,58,81,593,10.2,1,0,0,0,0,593,58,1,0,1,2013
27,"Lewis, Marcedes",JAX,56,5.1,11,10,25,47,359,14.4,4,0,0,0,0,359,25,4,0,1,2013
28,"Rivera, Mychal",OAK,53,3.5,15,3,33,52,386,11.7,3,0,0,0,0,386,33,3,0,0,2013
29,"Green, Ladarius",SD,53,3.3,16,8,17,29,376,22.1,3,0,0,0,0,376,17,3,0,0,2013
30,"Eifert, Tyler",CIN,49,3.3,15,15,39,60,445,11.4,2,0,0,0,0,445,39,2,0,0,2013
31,"Housler, Rob",ARI,48,4,12,9,39,55,454,11.6,1,0,0,0,0,454,39,1,0,0,2013
32,"Pettigrew, Brandon",DET,48,3.4,14,14,41,63,416,10.1,2,0,0,0,0,416,41,2,0,1,2013
33,"Clark, Dallas",BAL,47,3.9,12,0,31,52,343,11.1,3,0,0,0,0,343,31,3,0,0,2013
34,"Finley, Jermichael",GB,46,7.7,6,5,25,34,300,12,3,0,0,0,0,300,25,3,0,0,2013
35,"Rudolph, Kyle",MIN,45,5.6,8,8,30,46,313,10.4,3,0,0,0,0,313,30,3,0,0,2013
36,"Kendricks, Lance",STL,44,2.9,15,13,32,46,258,8.1,4,0,0,0,0,258,32,4,0,0,2013
37,"Winslow, Kellen",NYJ,43,3.9,11,2,28,42,353,12.6,2,0,0,0,0,353,28,2,0,0,2013
38,"Daniels, Owen",HOU,41,8.2,5,5,24,41,252,10.5,3,0,0,0,0,252,24,3,0,0,2013
39,"McGrath, Sean",KC,40,2.5,16,10,26,40,302,11.6,2,0,0,0,0,302,26,2,0,0,2013
40,"Quarless, Andrew",GB,37,2.3,16,10,32,53,312,9.8,2,0,0,0,0,312,32,2,0,0,2013
41,"Paulsen, Logan",WAS,37,2.5,15,13,26,48,221,8.5,3,0,0,0,0,221,26,3,0,1,2013
42,"Harbor, Clay",JAX,35,2.2,16,7,24,35,292,12.2,2,0,0,0,0,292,24,2,0,1,2013
43,"Carlson, John",MIN,34,2.6,13,8,32,48,344,10.8,1,0,0,0,0,344,32,1,0,1,2013
44,"Fasano, Anthony",KC,33,3.7,9,9,23,33,200,8.7,3,0,0,0,0,200,23,3,0,0,2013
45,"Willson, Luke",SEA,28,2.2,13,4,19,26,268,14.1,1,0,0,0,0,268,19,1,0,0,2013
46,"Watson, Benjamin",NO,28,2,14,6,16,27,195,12.2,2,0,0,0,0,195,16,2,0,0,2013
47,"Dickson, Ed",BAL,28,1.8,16,14,25,43,273,10.9,1,0,0,0,0,273,25,1,0,0,2013
48,"Dray, Jim",ARI,27,1.7,16,15,26,32,215,8.3,2,0,0,0,0,215,26,2,0,1,2013
49,"Griffin, Ryan",HOU,27,1.8,15,8,19,28,244,12.8,1,0,0,0,0,244,19,1,0,0,2013
50,"Pitta, Dennis",BAL,21,5.3,4,1,20,33,169,8.5,1,0,0,0,0,169,20,1,0,0,2013
51,"Escobar, Gavin",DAL,21,1.3,16,1,9,15,134,14.9,2,0,0,0,0,134,9,2,0,0,2013
52,"Nelson, David",NYJ,21,10.5,2,2,9,11,99,11,2,0,0,0,0,99,9,2,0,0,2013
53,"Barnidge, Gary",CLE,20,1.3,16,12,13,18,127,9.8,2,0,0,0,0,127,13,2,0,0,2013
54,"Tamme, Jacob",DEN,19,1.2,16,1,20,25,184,9.2,1,0,0,0,0,184,20,1,0,0,2013
55,"Harkey, Cory",STL,19,1.4,14,9,13,18,113,8.7,2,0,0,0,0,113,13,2,0,0,2013
56,"Ballard, Jake",ARI,17,2.1,8,3,7,9,75,10.7,2,0,0,0,0,75,7,2,0,0,2013
57,"Bostick, Brandon",GB,16,1.5,11,0,7,14,120,17.1,1,0,0,0,0,120,7,1,0,0,2013
58,"Hoomanawanui, Michael",NE,16,1.2,13,10,12,19,136,11.3,1,0,0,0,0,136,12,1,0,0,2013
59,"Toilolo, Levine",ATL,14,0.9,15,2,11,15,55,5,2,0,0,0,0,55,11,2,0,0,2013
60,"Ford, Chase",MIN,12,1.3,9,0,11,16,133,12.1,0,0,0,0,0,133,11,0,0,0,2013
61,"Noble, Danny",JAX,12,1.5,8,1,2,3,63,31.5,1,0,0,0,0,63,2,1,0,0,2013
62,"Davis, Fred",WAS,11,1.1,10,3,7,18,70,10,1,0,0,0,0,70,7,1,0,0,2013
63,"Gragg, Chris",BUF,10,1.1,9,1,5,7,53,10.6,1,0,0,0,0,53,5,1,0,0,2013
64,"Ellison, Rhett",MIN,10,2.5,4,4,4,5,48,12,1,0,0,0,0,48,4,1,0,0,2013
65,"Paulson, David",PIT,8,0.5,16,4,6,10,102,17,0,0,0,0,0,102,6,0,0,1,2013
66,"Williams, Terrance",DAL,8,8,1,1,4,6,84,21,0,0,0,0,0,84,4,0,0,0,2013
67,"Hill, Josh",NO,8,0.6,13,2,6,10,44,7.3,1,1,-8,0,0,36,7,1,0,0,2013
68,"Dreessen, Joel",DEN,8,0.6,13,0,7,9,47,6.7,1,0,0,0,0,47,7,1,0,0,2013
69,"Allen, Dwayne",IND,8,8,1,1,1,2,20,20,1,0,0,0,0,20,1,1,0,0,2013
70,"McDonald, Vance",SF,8,0.5,15,4,8,19,119,14.9,0,0,0,0,0,119,8,0,0,0,2013
71,"Scheffler, Tony",DET,7,1.4,5,1,7,12,82,11.7,0,0,0,0,0,82,7,0,0,0,2013
72,"Mulligan, Matthew",NE,7,0.5,15,4,2,3,16,8,1,0,0,0,0,16,2,1,0,0,2013
73,"Spaeth, Matt",PIT,7,1.8,4,2,1,2,11,11,1,0,0,0,0,11,1,1,0,0,2013
74,"Crabtree, Tom",TB,7,1,7,5,4,7,21,5.3,1,0,0,0,0,21,4,1,0,0,2013
75,"Sims, Dion",MIA,6,0.5,13,4,5,8,25,5,1,0,0,0,0,25,5,1,0,0,2013
76,"Smith, Alex",CIN,6,0.4,16,1,3,6,12,4,1,0,0,0,0,12,3,1,0,0,2013
77,"Johnson, David",PIT,6,1.5,4,1,3,5,62,20.7,0,0,0,0,0,62,3,0,0,0,2013
78,"Mastrud, Jeron",OAK,6,0.4,16,12,6,13,88,14.7,0,0,0,0,0,88,6,0,0,0,2013
79,"Davis, Kellen",SEA,6,0.4,14,3,1,2,1,1,1,0,0,0,0,1,1,1,0,0,2013
80,"Thompson, Taylor",TEN,6,0.4,16,3,3,7,13,4.3,1,0,0,0,0,13,3,1,0,0,2013
81,"Hanna, James",DAL,6,0.4,15,7,12,15,73,6.1,0,0,0,0,0,73,12,0,0,0,2013
82,"Kasa, Nick",OAK,6,0.4,16,1,1,5,9,9,1,0,0,0,0,9,1,1,0,0,2013
83,"Pascoe, Bear",NYG,5,0.3,15,4,12,20,81,6.8,0,1,2,0,0,83,13,0,0,0,2013
84,"Sudfeld, Zach",NE,5,0.4,14,2,5,10,63,12.6,0,0,0,0,0,63,5,0,0,0,2013
85,"Egnew, Michael",MIA,4,0.3,14,4,7,11,69,9.9,0,0,0,0,0,69,7,0,0,0,2013
86,"Smith, Lee",BUF,4,0.3,15,13,4,8,60,15,0,0,0,0,0,60,4,0,0,0,2013
87,"Byham, Nate",TB,3,1,3,2,2,2,37,18.5,0,0,0,0,0,37,2,0,0,0,2013
88,"Saunders, Weslye",IND,3,0.5,6,1,4,11,46,11.5,0,0,0,0,0,46,4,0,0,0,2013
89,"Reisner, Allen",JAX,3,0.6,5,3,5,9,40,8,0,0,0,0,0,40,5,0,0,0,2013
90,"Celek, Garrett",SF,3,0.3,12,1,2,4,38,19,0,0,0,0,0,38,2,0,0,0,2013
91,"Donnell, Larry",NYG,3,0.2,16,1,3,6,31,10.3,0,0,0,0,0,31,3,0,0,0,2013
92,"Jones, Dominique",IND,3,0.4,7,1,2,3,34,17,0,0,0,0,0,34,2,0,0,0,2013
93,"Paul, Niles",WAS,2,0.2,12,1,2,5,20,10,0,0,0,0,0,20,2,0,0,0,2013
94,"Gray, MarQueis",CLE,2,0.2,12,2,2,9,8,4,0,6,43,0,0,51,8,0,0,0,2013
95,"Brock, Kevin",KC,2,0.5,4,0,3,6,36,12,0,0,0,0,0,36,3,0,0,0,2013
96,"Dickerson, Dorin",DET,2,0.4,5,0,2,5,34,17,0,0,0,0,0,34,2,0,0,0,2013
97,"Casey, James",PHI,2,0.1,15,1,3,6,31,10.3,0,0,0,0,0,31,3,0,0,0,2013
98,"Green, Virgil",DEN,1,0.1,16,3,9,12,45,5,0,0,0,0,0,45,9,0,0,0,2013
99,"Brockel, Richie",CAR,1,0.1,16,0,1,1,12,12,0,1,1,0,0,13,2,0,0,1,2013
100,"Ross, Jeremy",DET,1,1,1,1,1,3,19,19,0,0,0,0,0,19,1,0,0,0,2013
101,"Bajema, Billy",BAL,1,0.2,6,1,2,2,18,9,0,0,0,0,0,18,2,0,0,0,2013
102,"Rosario, Dante",CHI,1,0.1,15,3,1,4,13,13,0,0,0,0,0,13,1,0,0,0,2013
103,"Sperry, Kory",ARI,1,0.1,8,2,1,1,16,16,0,0,0,0,0,16,1,0,0,0,2013
104,"Taylor, Ryan",GB,1,0.1,14,1,6,9,30,5,0,0,0,0,0,30,6,0,0,0,2013
105,"Phillips, John",SD,1,0.1,15,5,4,6,30,7.5,0,0,0,0,0,30,4,0,0,0,2013
106,"Moeaki, Tony",BUF,0,0,1,0,0,0,0,0,0,0,0,0,0,0,0,0,0,0,2013
107,"Maneri, Steve",CHI,0,0,4,1,0,2,0,0,0,0,0,0,0,0,0,0,0,0,2013
108,"Adams, Kyle",CHI,0,0,6,1,0,0,0,0,0,0,0,0,0,0,0,0,0,0,2013
109,"Smith, Andre",DAL,0,0,3,0,0,0,0,0,0,0,0,0,0,0,0,0,0,0,2013
110,"Robinson, Adrien",NYG,0,0,1,0,0,0,0,0,0,0,0,0,0,0,0,0,0,0,2013
111,"Veldman, Matt",DET,0,0,1,0,0,0,0,0,0,0,0,0,0,0,0,0,0,0,2013
112,"Beachum, Kelvin",PIT,0,0,1,1,0,0,0,0,0,0,0,0,0,0,0,0,0,0,2013
113,"Stevens, Craig",TEN,0,0,15,14,2,6,5,2.5,0,0,0,0,0,5,2,0,0,0,2013
114,"Palmer, Michael",PIT,0,0,16,0,1,1,8,8,0,0,0,0,0,8,1,0,0,0,2013
115,"Dobbs, Demarcus",SF,0,0,15,0,0,0,0,0,0,0,0,0,0,0,0,0,0,0,2013
116,"Adams, Mike",PIT,0,0,5,5,0,0,0,0,0,0,0,0,0,0,0,0,0,0,2013
117,"Carrier, Derek",SF,0,0,5,0,0,0,0,0,0,0,0,0,0,0,0,0,0,0,2013
118,"Jefferson, D.C.",ARI,0,0,4,0,0,0,0,0,0,0,0,0,0,0,0,0,0,0,2013
119,"Williams, Brandon",CAR,0,0,8,0,0,0,0,0,0,0,0,0,0,0,0,0,0,0,2013
120,"Talley, Ronald",ARI,0,0,1,0,0,0,0,0,0,0,0,0,0,0,0,0,0,0,2013
121,"Linkenbach II, Jeffrey",IND,0,0,1,1,0,0,0,0,0,0,0,0,0,0,0,0,0,0,2013
122,"Stocker, Luke",TB,0,0,2,2,0,0,0,0,0,0,0,0,0,0,0,0,0,0,2013
123,"McNeill, Mike",STL,0,0,14,0,1,1,5,5,0,0,0,0,0,5,1,0,0,0,2013
124,"Gordon, Richard",KC,0,0,2,0,1,1,3,3,0,0,0,0,0,3,1,0,0,0,2013
125,"Byrne, Jake",HOU,0,0,7,0,0,0,0,0,0,0,0,0,0,0,0,0,0,0,2013
126,"Supernaw, Phillip",HOU,0,0,1,0,0,0,0,0,0,0,0,0,0,0,0,0,0,0,2013
127,"Milton, Keavon",CLE,0,0,8,0,0,0,0,0,0,0,0,0,0,0,0,0,0,0,2013
128,"Cunningham, Justice",IND,0,0,1,0,1,1,4,4,0,0,0,0,0,4,1,0,0,0,2013
129,"Wagner, Rick",BAL,0,0,1,1,0,0,0,0,0,0,0,0,0,0,0,0,0,0,2013
130,"Doyle, Jack",IND,0,0,14,4,5,7,19,3.8,0,0,0,0,0,19,5,0,0,0,2013
131,"Shiancoe, Visanthe",TEN,0,0,1,1,2,2,2,1,0,0,0,0,0,2,2,0,0,0,2013
132,"Hartsock, Ben",CAR,0,0,13,2,0,0,0,0,0,0,0,0,0,0,0,0,0,0,2013
133,"Coffman, Chase",ATL,0,0,10,0,0,2,0,0,0,0,0,0,0,0,0,0,0,0,2013
134,"Parnell, Jermey",DAL,0,0,1,1,0,0,0,0,0,0,0,0,0,0,0,0,0,0,2013
135,"Hynoski, Henry",NYG,0,0,2,2,1,1,5,5,0,0,0,0,0,5,1,0,0,0,2013
136,"Carimi, Gabe",TB,0,0,1,1,0,0,0,0,0,0,0,0,0,0,0,0,0,0,2013
137,"Williams, D.J.",JAX,0,0,9,1,0,3,0,0,0,0,0,0,0,0,0,0,0,0,2013
138,"Reuland, Konrad",NYJ,0,0,10,0,1,3,7,7,0,0,0,0,0,7,1,0,0,0,2013
139,"Walker, Tyrunn",NO,0,0,1,0,0,0,0,0,0,0,0,0,0,0,0,0,0,0,2013
140,"Schraeder, Ryan",ATL,0,0,1,1,0,0,0,0,0,0,0,0,0,0,0,0,0,0,2013
141,"Stoneburner, Jake",GB,0,0,9,0,0,0,0,0,0,0,0,0,0,0,0,0,0,0,2013
142,"Harris, Ryan",HOU,0,0,1,1,0,0,0,0,0,0,0,0,0,0,0,0,0,0,2013
143,"Larsen, Spencer",TB,0,0,1,1,0,0,0,0,0,0,0,0,0,0,0,0,0,0,2013
144,"Britton, Eben",CHI,0,0,4,4,0,0,0,0,0,0,0,0,0,0,0,0,0,0,2013


Read more: http://www.kffl.com/stats_analyzer/index.php?~state=62fb61c9e70da90469f08b360a29a7cc#ixzz2uS4DjbiT